Unnamed: 0,day,day compound avg,day positive avg,day negative avg,day neutral avg,two day neutral avg,two day positive avg,two day negative avg,two day compound avg,two day nbc-news compound avg,two day business-insider compound avg,two day the-new-york-times compound avg,two day abc-news compound avg,two day reuters compound avg,two day wired compound avg,two day techcrunch compound avg,two day nbc-news neg avg,two day business-insider neg avg,two day the-new-york-times neg avg,two day abc-news neg avg,two day reuters neg avg,two day wired neg avg,two day techcrunch neg avg,two day nbc-news pos avg,two day business-insider pos avg,two day the-new-york-times pos avg,two day abc-news pos avg,two day reuters pos avg,two day wired pos avg,two day techcrunch pos avg,two day nbc-news neu avg,two day business-insider neu avg,two day the-new-york-times neu avg,two day abc-news neu avg,two day reuters neu avg,two day wired neu avg,two day techcrunch neu avg,one day nbc-news compound avg,one day business-insider compound avg,one day the-new-york-times compound avg,one day abc-news compound avg,one day reuters compound avg,one day wired compound avg,one day techcrunch compound avg,one day nbc-news neg avg,one day business-insider neg avg,one day the-new-york-times neg avg,one day abc-news neg avg,one day reuters neg avg,one day wired neg avg,one day techcrunch neg avg,one day nbc-news pos avg,one day business-insider pos avg,one day the-new-york-times pos avg,one day abc-news pos avg,one day reuters pos avg,one day wired pos avg,one day techcrunch pos avg,one day nbc-news neu avg,one day business-insider neu avg,one day the-new-york-times neu avg,one day abc-news neu avg,one day reuters neu avg,one day wired neu avg,one day techcrunch neu avg
2018-08-30 15:00:00,2018-08-30,0.1514321493616671,0.08669674724849558,0.07113412297307567,0.8420783847707483,0.8671379310344827,0.08024137931034482,0.052620689655172415,0.07041379310344828,-0.024399999999999988,-0.197325,0.9958,0.98075,-0.29048333333333337,0.9973,0.6303599999999999,0.0873,0.061875,0.039,0.0645,0.054333333333333345,0.054000000000000006,0.0314,0.08670000000000001,0.063125,0.149,0.202,0.055250000000000014,0.1,0.1012,0.8259000000000001,0.8748750000000001,0.812,0.734,0.8905,0.846,0.8671999999999999,0.046945833333333326,0.3168806462585034,0.36478687499999995,0.18981666666666666,-0.34516654761904764,0.3253642857142857,0.7700449999999999,0.08825000000000001,0.04959166666666668,0.07187083333333333,0.08627777777777779,0.08945357142857144,0.07328571428571429,0.04336428571428571,0.09229166666666667,0.08424574829931973,0.10236666666666666,0.1203611111111111,0.06153452380952381,0.09342857142857143,0.10379285714285713,0.8193750000000001,0.8661855442176872,0.8257270833333333,0.7933333333333333,0.848907142857143,0.833,0.8528785714285715
2018-08-30 14:30:00,2018-08-30,0.1514321493616671,0.08669674724849558,0.07113412297307567,0.8420783847707483,0.8671379310344827,0.08024137931034482,0.052620689655172415,0.07041379310344828,-0.024399999999999988,-0.197325,0.9958,0.98075,-0.29048333333333337,0.9973,0.6303599999999999,0.0873,0.061875,0.039,0.0645,0.054333333333333345,0.054000000000000006,0.0314,0.08670000000000001,0.063125,0.149,0.202,0.055250000000000014,0.1,0.1012,0.8259000000000001,0.8748750000000001,0.812,0.734,0.8905,0.846,0.8671999999999999,0.046945833333333326,0.3168806462585034,0.36478687499999995,0.18981666666666666,-0.34516654761904764,0.3253642857142857,0.7700449999999999,0.08825000000000001,0.04959166666666668,0.07187083333333333,0.08627777777777779,0.08945357142857144,0.07328571428571429,0.04336428571428571,0.09229166666666667,0.08424574829931973,0.10236666666666666,0.1203611111111111,0.06153452380952381,0.09342857142857143,0.10379285714285713,0.8193750000000001,0.8661855442176872,0.8257270833333333,0.7933333333333333,0.848907142857143,0.833,0.8528785714285715
2018-08-30 14:00:00,2018-08-30,0.1514321493616671,0.08669674724849558,0.07113412297307567,0.8420783847707483,0.8671379310344827,0.08024137931034482,0.052620689655172415,0.07041379310344828,-0.024399999999999988,-0.197325,0.9958,0.98075,-0.29048333333333337,0.9973,0.6303599999999999,0.0873,0.061875,0.039,0.0645,0.054333333333333345,0.054000000000000006,0.0314,0.08670000000000001,0.063125,0.149,0.202,0.055250000000000014,0.1,0.1012,0.8259000000000001,0.8748750000000001,0.812,0.734,0.8905,0.846,0.8671999999999999,0.046945833333333326,0.3168806462585034,0.36478687499999995,0.18981666666666666,-0.34516654761904764,0.3253642857142857,0.7700449999999999,0.08825000000000001,0.04959166666666668,0.07187083333333333,0.08627777777777779,0.08945357142857144,0.07328571428571429,0.04336428571428571,0.09229166666666667,0.08424574829931973,0.10236666666666666,0.1203611111111111,0.06153452380952381,0.09342857142857143,0.10379285714285713,0.8193750000000001,0.8661855442176872,0.8257270833333333,0.7933333333333333,0.848907142857143,0.833,0.8528785714285715
2018-08-30 13:30:00,2018-08-30,0.1514321493616671,0.08669674724849558,0.07113412297307567,0.8420783847707483,0.8671379310344827,0.08024137931034482,0.052620689655172415,0.07041379310344828,-0.024399999999999988,-0.197325,0.9958,0.98075,-0.29048333333333337,0.9973,0.6303599999999999,0.0873,0.061875,0.039,0.0645,0.054333333333333345,0.054000000000000006,0.0314,0.08670000000000001,0.063125,0.149,0.202,0.055250000000000014,0.1,0.1012,0.8259000000000001,0.8748750000000001,0.812,0.734,0.8905,0.846,0.8671999999999999,0.046945833333333326,0.3168806462585034,0.36478687499999995,0.18981666666666666,-0.34516654761904764,0.3253642857142857,0.7700449999999999,0.08825000000000001,0.04959166666666668,0.07187083333333333,0.08627777777777779,0.08945357142857144,0.07328571428571429,0.04336428571428571,0.09229166666666667,0.08424574829931973,0.10236666666666666,0.1203611111111111,0.06153452380952381,0.09342857142857143,0.10379285714285713,0.8193750000000001,0.8661855442176872,0.8257270833333333,0.7933333333333333,0.848907142857143,0.833,0.8528785714285715
2018-08-30 13:00:00,2018-08-30,0.1514321493616671,0.08669674724849558,0.07113412297307567,0.8420783847707483,0.8671379310344827,0.08024137931034482,0.052620689655172415,0.07041379310344828,-0.024399999999999988,-0.197325,0.9958,0.98075,-0.29048333333333337,0.9973,0.6303599999999999,0.0873,0.061875,0.039,0.0645,0.054333333333333345,0.054000000000000006,0.0314,0.08670000000000001,0.063125,0.149,0.202,0.055250000000000014,0.1,0.1012,0.8259000000000001,0.8748750000000001,0.812,0.734,0.8905,0.846,0.8671999999999999,0.046945833333333326,0.3168806462585034,0.36478687499999995,0.18981666666666666,-0.34516654761904764,0.3253642857142857,0.7700449999999999,0.08825000000000001,0.04959166666666668,0.07187083333333333,0.08627777777777779,0.08945357142857144,0.07328571428571429,0.04336428571428571,0.09229166666666667,0.08424574829931973,0.10236666666666666,0.1203611111111111,0.06153452380952381,0.09342857142857143,0.10379285714285713,0.8193750000000001,0.8661855442176872,0.8257270833333333,0.7933333333333333,0.848907142857143,0.833,0.8528785714285715
2018-08-30 12:30:00,2018-08-30,0.1514321493616671,0.08669674724849558,0.07113412297307567,0.8420783847707483,0.8671379310344827,0.08024137931034482,0.052620689655172415,0.07041379310344828,-0.024399999999999988,-0.197325,0.9958,0.98075,-0.29048333333333337,0.9973,0.6303599999999999,0.0873,0.061875,0.039,0.0645,0.054333333333333345,0.054000000000000006,0.0314,0.08670000000000001,0.063125,0.149,0.202,0.055250000000000014,0.1,0.1012,0.8259000000000001,0.8748750000000001,0.812,0.734,0.8905,0.846,0.8671999999999999,0.046945833333333326,0.3168806462585034,0.36478687499999995,0.18981666666666666,-0.34516654761904764,0.3253642857142857,0.7700449999999999,0.08825000000000001,0.04959166666666668,0.07187083333333333,0.08627777777777779,0.08945357142857144,0.07328571428571429,0.04336428571428571,0.09229166666666667,0.08424574829931973,0.10236666666666666,0.1203611111111111,0.06153452380952381,0.09342857142857143,0.10379285714285713,0.8193750000000001,0.8661855442176872,0.8257270833333333,0.7933333333333333,0.848907142857143,0.833,0.8528785714285715
2018-08-30 12:00:00,2018-08-30,0.1514321493616671,0.08669674724849558,0.07113412297307567,0.8420783847707483,0.8671379310344827,0.08024137931034482,0.052620689655172415,0.07041379310344828,-0.024399999999999988,-0.197325,0.9958,0.98075,-0.29048333333333337,0.9973,0.6303599999999999,0.0873,0.061875,0.039,0.0645,0.054333333333333345,0.054000000000000006,0.0314,0.08670000000000001,0.063125,0.149,0.202,0.055250000000000014,0.1,0.1012,0.8259000000000001,0.8748750000000001,0.812,0.734,0.8905,0.846,0.8671999999999999,0.046945833333333326,0.3168806462585034,0.36478687499999995,0.18981666666666666,-0.34516654761904764,0.3253642857142857,0.7700449999999999,0.08825000000000001,0.04959166666666668,0.07187083333333333,0.08627777777777779,0.08945357142857144,0.07328571428571429,0.04336428571428571,0.09229166666666667,0.08424574829931973,0.10236666666666666,0.1203611111111111,0.06153452380952381,0.09342857142857143,0.10379285714285713,0.8193750000000001,0.8661855442176872,0.8257270833333333,0.7933333333333333,0.848907142857143,0.833,0.8528785714285715
2018-08-30 11:30:00,2018-08-30,0.1514321493616671,0.08669674724849558,0.07113412297307567,0.8420783847707483,0.8671379310344827,0.08024137931034482,0.052620689655172415,0.07041379310344828,-0.024399999999999988,-0.197325,0.9958,0.98075,-0.29048333333333337,0.9973,0.6303599999999999,0.0873,0.061875,0.039,0.0645,0.054333333333333345,0.054000000000000006,0.0314,0.08670000000000001,0.063125,0.149,0.202,0.055250000000000014,0.1,0.1012,0.8259000000000001,0.8748750000000001,0.812,0.734,0.8905,0.846,0.8671999999999999,0.046945833333333326,0.3168806462585034,0.36478687499999995,0.18981666666666666,-0.34516654761904764,0.3253642857142857,0.7700449999999999,0.08825000000000001,0.04959166666666668,0.07187083333333333,0.08627777777777779,0.08945357142857144,0.07328571428571429,0.04336428571428571,0.09229166666666667,0.08424574829931973,0.10236666666666666,0.1203611111111111,0.06153452380952381,0.09342857142857143,0.10379285714285713,0.8193750000000001,0.8661855442176872,0.8257270833333333,0.7933333333333333,0.848907142857143,0.833,0.8528785714285715
2018-08-30 11:00:00,2018-08-30,0.1514321493616671,0.08669674724849558,0.07113412297307567,0.8420783847707483,0.8671379310344827,0.08024137931034482,0.052620689655172415,0.07041379310344828,-0.024399999999999988,-0.197325,0.9958,0.98075,-0.29048333333333337,0.9973,0.6303599999999999,0.0873,0.061875,0.039,0.0645,0.054333333333333345,0.054000000000000006,0.0314,0.08670000000000001,0.063125,0.149,0.202,0.055250000000000014,0.1,0.1012,0.8259000000000001,0.8748750000000001,0.812,0.734,0.8905,0.846,0.8671999999999999,0.046945833333333326,0.3168806462585034,0.36478687499999995,0.18981666666666666,-0.34516654761904764,0.3253642857142857,0.7700449999999999,0.08825000000000001,0.04959166666666668,0.07187083333333333,0.08627777777777779,0.08945357142857144,0.07328571428571429,0.04336428571428571,0.09229166666666667,0.08424574829931973,0.10236666666666666,0.1203611111111111,0.06153452380952381,0.09342857142857143,0.10379285714285713,0.8193750000000001,0.8661855442176872,0.8257270833333333,0.7933333333333333,0.848907142857143,0.833,0.8528785714285715
2018-08-30 10:30:00,2018-08-30,0.1514321493616671,0.08669674724849558,0.07113412297307567,0.8420783847707483,0.8671379310344827,0.08024137931034482,0.052620689655172415,0.07041379310344828,-0.024399999999999988,-0.197325,0.9958,0.98075,-0.29048333333333337,0.9973,0.6303599999999999,0.0873,0.061875,0.039,0.0645,0.054333333333333345,0.054000000000000006,0.0314,0.08670000000000001,0.063125,0.149,0.202,0.055250000000000014,0.1,0.1012,0.8259000000000001,0.8748750000000001,0.812,0.734,0.8905,0.846,0.8671999999999999,0.046945833333333326,0.3168806462585034,0.36478687499999995,0.18981666666666666,-0.34516654761904764,0.3253642857142857,0.7700449999999999,0.08825000000000001,0.04959166666666668,0.07187083333333333,0.08627777777777779,0.08945357142857144,0.07328571428571429,0.04336428571428571,0.09229166666666667,0.08424574829931973,0.10236666666666666,0.1203611111111111,0.06153452380952381,0.09342857142857143,0.10379285714285713,0.8193750000000001,0.8661855442176872,0.8257270833333333,0.7933333333333333,0.848907142857143,0.833,0.8528785714285715
2018-08-30 10:00:00,2018-08-30,0.1514321493616671,0.08669674724849558,0.07113412297307567,0.8420783847707483,0.8671379310344827,0.08024137931034482,0.052620689655172415,0.07041379310344828,-0.024399999999999988,-0.197325,0.9958,0.98075,-0.29048333333333337,0.9973,0.6303599999999999,0.0873,0.061875,0.039,0.0645,0.054333333333333345,0.054000000000000006,0.0314,0.08670000000000001,0.063125,0.149,0.202,0.055250000000000014,0.1,0.1012,0.8259000000000001,0.8748750000000001,0.812,0.734,0.8905,0.846,0.8671999999999999,0.046945833333333326,0.3168806462585034,0.36478687499999995,0.18981666666666666,-0.34516654761904764,0.3253642857142857,0.7700449999999999,0.08825000000000001,0.04959166666666668,0.07187083333333333,0.08627777777777779,0.08945357142857144,0.07328571428571429,0.04336428571428571,0.09229166666666667,0.08424574829931973,0.10236666666666666,0.1203611111111111,0.06153452380952381,0.09342857142857143,0.10379285714285713,0.8193750000000001,0.8661855442176872,0.8257270833333333,0.7933333333333333,0.848907142857143,0.833,0.8528785714285715
2018-08-30 09:30:00,2018-08-30,0.1514321493616671,0.08669674724849558,0.07113412297307567,0.8420783847707483,0.8671379310344827,0.08024137931034482,0.052620689655172415,0.07041379310344828,-0.024399999999999988,-0.197325,0.9958,0.98075,-0.29048333333333337,0.9973,0.6303599999999999,0.0873,0.061875,0.039,0.0645,0.054333333333333345,0.054000000000000006,0.0314,0.08670000000000001,0.063125,0.149,0.202,0.055250000000000014,0.1,0.1012,0.8259000000000001,0.8748750000000001,0.812,0.734,0.8905,0.846,0.8671999999999999,0.046945833333333326,0.3168806462585034,0.36478687499999995,0.18981666666666666,-0.34516654761904764,0.3253642857142857,0.7700449999999999,0.08825000000000001,0.04959166666666668,0.07187083333333333,0.08627777777777779,0.08945357142857144,0.07328571428571429,0.04336428571428571,0.09229166666666667,0.08424574829931973,0.10236666666666666,0.1203611111111111,0.06153452380952381,0.09342857142857143,0.10379285714285713,0.8193750000000001,0.8661855442176872,0.8257270833333333,0.7933333333333333,0.848907142857143,0.833,0.8528785714285715
2018-08-29 15:30:00,2018-08-29,0.06584166666666669,0.07995833333333334,0.052624999999999984,0.8674166666666667,0.8486923076923076,0.08540384615384614,0.06586538461538462,0.04034423076923078,0.8258,0.35192500000000004,-0.56886,0.5883399999999999,-0.4436166666666667,-0.3155,0.7224857142857143,0.083,0.04758333333333334,0.077,0.0698,0.07555555555555554,0.10233333333333333,0.040999999999999995,0.14550000000000002,0.08749999999999998,0.08680000000000002,0.1446,0.05522222222222222,0.10766666666666667,0.08942857142857143,0.7715,0.8649166666666668,0.8362,0.7856,0.8691111111111112,0.79,0.8695714285714287,0.046945833333333326,-0.0834142857142857,0.9958,0.98075,-0.29966000000000004,0.9973,0.4020333333333333,0.08825000000000001,0.05542857142857143,0.039,0.0645,0.053700000000000005,0.054000000000000006,0.03866666666666666,0.09229166666666667,0.06157142857142856,0.149,0.202,0.05770000000000001,0.1,0.08600000000000001,0.8193750000000001,0.883,0.812,0.734,0.8886,0.846,0.875
2018-08-29 15:00:00,2018-08-29,0.1026521739130435,0.08130434782608696,0.05226086956521738,0.8664782608695653,0.8479019607843138,0.08611764705882352,0.0659607843137255,0.0564450980392157,0.8258,0.35192500000000004,-0.56886,0.5883399999999999,-0.4436166666666667,-0.3155,0.9730333333333333,0.083,0.04758333333333334,0.077,0.0698,0.07555555555555554,0.10233333333333333,0.03766666666666666,0.14550000000000002,0.08749999999999998,0.08680000000000002,0.1446,0.05522222222222222,0.10766666666666667,0.09616666666666666,0.7715,0.8649166666666668,0.8362,0.7856,0.8691111111111112,0.79,0.8663333333333334,0.046945833333333326,-0.0834142857142857,0.9958,0.98075,-0.29966000000000004,0.9973,0.9934499999999999,0.08825000000000001,0.05542857142857143,0.039,0.0645,0.053700000000000005,0.054000000000000006,0.0275,0.09229166666666667,0.06157142857142856,0.149,0.202,0.05770000000000001,0.1,0.10450000000000001,0.8193750000000001,0.883,0.812,0.734,0.8886,0.846,0.8680000000000001
2018-08-29 14:30:00,2018-08-29,0.1026521739130435,0.08130434782608696,0.05226086956521738,0.8664782608695653,0.8479019607843138,0.08611764705882352,0.0659607843137255,0.0564450980392157,0.8258,0.35192500000000004,-0.56886,0.5883399999999999,-0.4436166666666667,-0.3155,0.9730333333333333,0.083,0.04758333333333334,0.077,0.0698,0.07555555555555554,0.10233333333333333,0.03766666666666666,0.14550000000000002,0.08749999999999998,0.08680000000000002,0.1446,0.05522222222222222,0.10766666666666667,0.09616666666666666,0.7715,0.8649166666666668,0.8362,0.7856,0.8691111111111112,0.79,0.8663333333333334,0.046945833333333326,-0.0834142857142857,0.9958,0.98075,-0.29966000000000004,0.9973,0.9934499999999999,0.08825000000000001,0.05542857142857143,0.039,0.0645,0.053700000000000005,0.054000000000000006,0.0275,0.09229166666666667,0.06157142857142856,0.149,0.202,0.05770000000000001,0.1,0.10450000000000001,0.8193750000000001,0.883,0.812,0.734,0.8886,0.846,0.8680000000000001
2018-08-29 14:00:00,2018-08-29,0.017852380952380984,0.08004761904761905,0.054571428571428555,0.8654285714285715,0.8466938775510204,0.08577551020408164,0.06751020408163266,0.018216326530612236,0.8258,0.35192500000000004,-0.56886,0.5883399999999999,-0.4436166666666667,-0.9719,0.9698800000000001,0.083,0.04758333333333334,0.077,0.0698,0.07555555555555554,0.1265,0.04479999999999999,0.14550000000000002,0.08749999999999998,0.08680000000000002,0.1446,0.05522222222222222,0.11150000000000002,0.0976,0.7715,0.8649166666666668,0.8362,0.7856,0.8691111111111112,0.762,0.8578000000000001,0.046945833333333326,-0.0834142857142857,0.9958,0.98075,-0.29966000000000004,0.21337500000000006,0.9981,0.08825000000000001,0.05542857142857143,0.039,0.0645,0.053700000000000005,0.0765,0.053,0.09229166666666667,0.06157142857142856,0.149,0.202,0.05770000000000001,0.09233333333333334,0.12,0.8193750000000001,0.883,0.812,0.734,0.8886,0.8308333333333332,0.8270000000000001
2018-08-29 13:30:00,2018-08-29,0.017852380952380984,0.08004761904761905,0.054571428571428555,0.8654285714285715,0.8466938775510204,0.08577551020408164,0.06751020408163266,0.018216326530612236,0.8258,0.35192500000000004,-0.56886,0.5883399999999999,-0.4436166666666667,-0.9719,0.9698800000000001,0.083,0.04758333333333334,0.077,0.0698,0.07555555555555554,0.1265,0.04479999999999999,0.14550000000000002,0.08749999999999998,0.08680000000000002,0.1446,0.05522222222222222,0.11150000000000002,0.0976,0.7715,0.8649166666666668,0.8362,0.7856,0.8691111111111112,0.762,0.8578000000000001,0.046945833333333326,-0.0834142857142857,0.9958,0.98075,-0.29966000000000004,0.21337500000000006,0.9981,0.08825000000000001,0.05542857142857143,0.039,0.0645,0.053700000000000005,0.0765,0.053,0.09229166666666667,0.06157142857142856,0.149,0.202,0.05770000000000001,0.09233333333333334,0.12,0.8193750000000001,0.883,0.812,0.734,0.8886,0.8308333333333332,0.8270000000000001
2018-08-29 13:00:00,2018-08-29,0.017852380952380984,0.08004761904761905,0.054571428571428555,0.8654285714285715,0.8466938775510204,0.08577551020408164,0.06751020408163266,0.018216326530612236,0.8258,0.35192500000000004,-0.56886,0.5883399999999999,-0.4436166666666667,-0.9719,0.9698800000000001,0.083,0.04758333333333334,0.077,0.0698,0.07555555555555554,0.1265,0.04479999999999999,0.14550000000000002,0.08749999999999998,0.08680000000000002,0.1446,0.05522222222222222,0.11150000000000002,0.0976,0.7715,0.8649166666666668,0.8362,0.7856,0.8691111111111112,0.762,0.8578000000000001,0.046945833333333326,-0.0834142857142857,0.9958,0.98075,-0.29966000000000004,0.21337500000000006,0.9981,0.08825000000000001,0.05542857142857143,0.039,0.0645,0.053700000000000005,0.0765,0.053,0.09229166666666667,0.06157142857142856,0.149,0.202,0.05770000000000001,0.09233333333333334,0.12,0.8193750000000001,0.883,0.812,0.734,0.8886,0.8308333333333332,0.8270000000000001
2018-08-29 12:30:00,2018-08-29,-0.08365263157894738,0.07778947368421052,0.05826315789473683,0.864,0.84531914893617,0.0851063829787234,0.06955319148936169,-0.022802127659574494,0.8258,0.2958727272727273,-0.960025,0.5883399999999999,-0.4436166666666667,-0.9719,0.9698800000000001,0.083,0.05190909090909091,0.0865,0.0698,0.07555555555555554,0.1265,0.04479999999999999,0.14550000000000002,0.09054545454545455,0.07125000000000001,0.1446,0.05522222222222222,0.11150000000000002,0.0976,0.7715,0.8575454545454545,0.8422499999999999,0.7856,0.8691111111111112,0.762,0.8578000000000001,0.046945833333333326,-0.2587333333333333,0.2746421428571429,0.98075,-0.29966000000000004,0.21337500000000006,0.9981,0.08825000000000001,0.06466666666666666,0.07656666666666666,0.0645,0.053700000000000005,0.0765,0.053,0.09229166666666667,0.06283333333333332,0.09570476190476189,0.202,0.05770000000000001,0.09233333333333334,0.12,0.8193750000000001,0.8725,0.8276880952380952,0.734,0.8886,0.8308333333333332,0.8270000000000001
2018-08-29 12:00:00,2018-08-29,-0.03457777777777779,0.0778888888888889,0.054833333333333345,0.8672777777777777,0.8461956521739128,0.08530434782608697,0.06845652173913043,-0.0022760869565217443,0.8258,0.2958727272727273,-0.960025,0.5883399999999999,-0.41282941176470583,-0.9719,0.9698800000000001,0.083,0.05190909090909091,0.0865,0.0698,0.07294117647058822,0.1265,0.04479999999999999,0.14550000000000002,0.09054545454545455,0.07125000000000001,0.1446,0.054,0.11150000000000002,0.0976,0.7715,0.8575454545454545,0.8422499999999999,0.7856,0.8728823529411766,0.762,0.8578000000000001,0.046945833333333326,-0.2587333333333333,0.2746421428571429,0.98075,-0.22551111111111113,0.21337500000000006,0.9981,0.08825000000000001,0.06466666666666666,0.07656666666666666,0.0645,0.04633333333333333,0.0765,0.053,0.09229166666666667,0.06283333333333332,0.09570476190476189,0.202,0.05566666666666667,0.09233333333333334,0.12,0.8193750000000001,0.8725,0.8276880952380952,0.734,0.8978888888888888,0.8308333333333332,0.8270000000000001
2018-08-29 11:30:00,2018-08-29,-0.03457777777777779,0.0778888888888889,0.054833333333333345,0.8672777777777777,0.8461956521739128,0.08530434782608697,0.06845652173913043,-0.0022760869565217443,0.8258,0.2958727272727273,-0.960025,0.5883399999999999,-0.41282941176470583,-0.9719,0.9698800000000001,0.083,0.05190909090909091,0.0865,0.0698,0.07294117647058822,0.1265,0.04479999999999999,0.14550000000000002,0.09054545454545455,0.07125000000000001,0.1446,0.054,0.11150000000000002,0.0976,0.7715,0.8575454545454545,0.8422499999999999,0.7856,0.8728823529411766,0.762,0.8578000000000001,0.046945833333333326,-0.2587333333333333,0.2746421428571429,0.98075,-0.22551111111111113,0.21337500000000006,0.9981,0.08825000000000001,0.06466666666666666,0.07656666666666666,0.0645,0.04633333333333333,0.0765,0.053,0.09229166666666667,0.06283333333333332,0.09570476190476189,0.202,0.05566666666666667,0.09233333333333334,0.12,0.8193750000000001,0.8725,0.8276880952380952,0.734,0.8978888888888888,0.8308333333333332,0.8270000000000001
2018-08-29 11:00:00,2018-08-29,-0.09532352941176472,0.07541176470588236,0.05494117647058824,0.8696470588235293,0.846622222222222,0.08453333333333334,0.0688,-0.02450666666666668,0.8258,0.2958727272727273,-0.960025,0.5883399999999999,-0.41282941176470583,-0.9719,0.962825,0.083,0.05190909090909091,0.0865,0.0698,0.07294117647058822,0.1265,0.042749999999999996,0.14550000000000002,0.09054545454545455,0.07125000000000001,0.1446,0.054,0.11150000000000002,0.092,0.7715,0.8575454545454545,0.8422499999999999,0.7856,0.8728823529411766,0.762,0.8654999999999999,0.046945833333333326,-0.2587333333333333,0.2746421428571429,0.98075,-0.22551111111111113,0.21337500000000006,0.7933258333333333,0.08825000000000001,0.06466666666666666,0.07656666666666666,0.0645,0.04633333333333333,0.0765,0.045358333333333334,0.09229166666666667,0.06283333333333332,0.09570476190476189,0.202,0.05566666666666667,0.09233333333333334,0.104225,0.8193750000000001,0.8725,0.8276880952380952,0.734,0.8978888888888888,0.8308333333333332,0.8504916666666668
2018-08-29 10:30:00,2018-08-29,-0.32637857142857146,0.06185714285714287,0.06092857142857144,0.8772142857142856,0.8474999999999999,0.08066666666666666,0.07178571428571429,-0.09646666666666667,0.8258,0.22657000000000002,-0.960025,0.49177499999999996,-0.5002125,-0.9719,0.962825,0.083,0.05670000000000001,0.0865,0.0705,0.076875,0.1265,0.042749999999999996,0.14550000000000002,0.0884,0.07125000000000001,0.13075,0.050875000000000004,0.11150000000000002,0.092,0.7715,0.8549,0.8422499999999999,0.79875,0.8720625,0.762,0.8654999999999999,0.046945833333333326,-0.5082599999999999,0.2746421428571429,0.9869,-0.37686250000000004,0.21337500000000006,0.7933258333333333,0.08825000000000001,0.07680000000000001,0.07656666666666666,0.062,0.050875,0.0765,0.045358333333333334,0.09229166666666667,0.053000000000000005,0.09570476190476189,0.204,0.049624999999999996,0.09233333333333334,0.104225,0.8193750000000001,0.8702,0.8276880952380952,0.735,0.8993749999999999,0.8308333333333332,0.8504916666666668
2018-08-29 10:00:00,2018-08-29,-0.32637857142857146,0.06185714285714287,0.06092857142857144,0.8772142857142856,0.8474999999999999,0.08066666666666666,0.07178571428571429,-0.09646666666666667,0.8258,0.22657000000000002,-0.960025,0.49177499999999996,-0.5002125,-0.9719,0.962825,0.083,0.05670000000000001,0.0865,0.0705,0.076875,0.1265,0.042749999999999996,0.14550000000000002,0.0884,0.07125000000000001,0.13075,0.050875000000000004,0.11150000000000002,0.092,0.7715,0.8549,0.8422499999999999,0.79875,0.8720625,0.762,0.8654999999999999,0.046945833333333326,-0.5082599999999999,0.2746421428571429,0.9869,-0.37686250000000004,0.21337500000000006,0.7933258333333333,0.08825000000000001,0.07680000000000001,0.07656666666666666,0.062,0.050875,0.0765,0.045358333333333334,0.09229166666666667,0.053000000000000005,0.09570476190476189,0.204,0.049624999999999996,0.09233333333333334,0.104225,0.8193750000000001,0.8702,0.8276880952380952,0.735,0.8993749999999999,0.8308333333333332,0.8504916666666668
2018-08-29 09:30:00,2018-08-29,-0.32637857142857146,0.06185714285714287,0.06092857142857144,0.8772142857142856,0.8474999999999999,0.08066666666666666,0.07178571428571429,-0.09646666666666667,0.8258,0.22657000000000002,-0.960025,0.49177499999999996,-0.5002125,-0.9719,0.962825,0.083,0.05670000000000001,0.0865,0.0705,0.076875,0.1265,0.042749999999999996,0.14550000000000002,0.0884,0.07125000000000001,0.13075,0.050875000000000004,0.11150000000000002,0.092,0.7715,0.8549,0.8422499999999999,0.79875,0.8720625,0.762,0.8654999999999999,0.046945833333333326,-0.5082599999999999,0.2746421428571429,0.9869,-0.37686250000000004,0.21337500000000006,0.7933258333333333,0.08825000000000001,0.07680000000000001,0.07656666666666666,0.062,0.050875,0.0765,0.045358333333333334,0.09229166666666667,0.053000000000000005,0.09570476190476189,0.204,0.049624999999999996,0.09233333333333334,0.104225,0.8193750000000001,0.8702,0.8276880952380952,0.735,0.8993749999999999,0.8308333333333332,0.8504916666666668
2018-08-28 15:30:00,2018-08-28,-0.15838750000000001,0.08893750000000002,0.08462499999999999,0.82625,0.8363333333333335,0.07848717948717948,0.0851025641025641,-0.15904615384615384,-0.08504999999999999,0.5901125,-0.47450000000000003,0.19326000000000002,-0.5898333333333333,-0.9464,0.07105,0.10775000000000001,0.034875,0.0805,0.08759999999999998,0.10606666666666666,0.142,0.057999999999999996,0.08900000000000001,0.08712500000000001,0.07500000000000001,0.12279999999999998,0.05140000000000001,0.139,0.092,0.80325,0.8779999999999999,0.8444999999999999,0.7892,0.8424666666666667,0.7190000000000001,0.8500000000000001,0.6525,0.965,-0.9617666666666667,0.3267333333333334,-0.64604,-0.9464,0.759426,0.124,0.014666666666666668,0.08833333333333333,0.07333333333333332,0.11179999999999998,0.142,0.04588,0.139,0.11866666666666666,0.07333333333333335,0.10633333333333332,0.05,0.139,0.10667,0.737,0.8666666666666666,0.8383333333333333,0.82,0.8378,0.7190000000000001,0.8474900000000002
2018-08-28 15:00:00,2018-08-28,-0.15838750000000001,0.08893750000000002,0.08462499999999999,0.82625,0.8363333333333335,0.07848717948717948,0.0851025641025641,-0.15904615384615384,-0.08504999999999999,0.5901125,-0.47450000000000003,0.19326000000000002,-0.5898333333333333,-0.9464,0.07105,0.10775000000000001,0.034875,0.0805,0.08759999999999998,0.10606666666666666,0.142,0.057999999999999996,0.08900000000000001,0.08712500000000001,0.07500000000000001,0.12279999999999998,0.05140000000000001,0.139,0.092,0.80325,0.8779999999999999,0.8444999999999999,0.7892,0.8424666666666667,0.7190000000000001,0.8500000000000001,0.6525,0.965,-0.9617666666666667,0.3267333333333334,-0.64604,-0.9464,0.759426,0.124,0.014666666666666668,0.08833333333333333,0.07333333333333332,0.11179999999999998,0.142,0.04588,0.139,0.11866666666666666,0.07333333333333335,0.10633333333333332,0.05,0.139,0.10667,0.737,0.8666666666666666,0.8383333333333333,0.82,0.8378,0.7190000000000001,0.8474900000000002
2018-08-28 14:30:00,2018-08-28,-0.18242857142857144,0.08785714285714287,0.0892142857142857,0.8227142857142857,0.8355405405405405,0.07751351351351352,0.08686486486486486,-0.16817837837837837,-0.08504999999999999,0.5344,-0.3125666666666667,0.19326000000000002,-0.5898333333333333,-0.9464,0.07105,0.10775000000000001,0.03628571428571429,0.08066666666666666,0.08759999999999998,0.10606666666666666,0.142,0.057999999999999996,0.08900000000000001,0.08171428571428573,0.07733333333333335,0.12279999999999998,0.05140000000000001,0.139,0.092,0.80325,0.8819999999999998,0.842,0.7892,0.8424666666666667,0.7190000000000001,0.8500000000000001,0.6525,0.9574499999999999,-0.9625,0.3267333333333334,-0.64604,-0.9464,0.759426,0.124,0.0095,0.0925,0.07333333333333332,0.11179999999999998,0.142,0.04588,0.139,0.11549999999999999,0.07600000000000001,0.10633333333333332,0.05,0.139,0.10667,0.737,0.875,0.8314999999999999,0.82,0.8378,0.7190000000000001,0.8474900000000002
2018-08-28 14:00:00,2018-08-28,-0.34425833333333333,0.08241666666666667,0.09275,0.8245833333333333,0.8369142857142857,0.07505714285714285,0.08794285714285714,-0.2228485714285714,-0.3309,0.4693666666666667,-0.3125666666666667,0.19326000000000002,-0.5898333333333333,-0.9464,0.07105,0.10233333333333333,0.04033333333333333,0.08066666666666666,0.08759999999999998,0.10606666666666666,0.142,0.057999999999999996,0.07233333333333333,0.07833333333333334,0.07733333333333335,0.12279999999999998,0.05140000000000001,0.139,0.092,0.8253333333333334,0.8813333333333332,0.842,0.7892,0.8424666666666667,0.7190000000000001,0.8500000000000001,-0.21267222222222223,0.9903,-0.9625,0.3267333333333334,-0.64604,-0.9464,0.759426,0.09000000000000001,0.006999999999999999,0.0925,0.07333333333333332,0.11179999999999998,0.142,0.04588,0.07455555555555556,0.129,0.07600000000000001,0.10633333333333332,0.05,0.139,0.10667,0.8353333333333334,0.8640000000000001,0.8314999999999999,0.82,0.8378,0.7190000000000001,0.8474900000000002
2018-08-28 13:30:00,2018-08-28,-0.28531818181818186,0.08600000000000001,0.09154545454545454,0.822181818181818,0.8365,0.07599999999999998,0.08741176470588236,-0.20020882352941177,-0.3309,0.4693666666666667,-0.3125666666666667,0.19326000000000002,-0.5610642857142857,-0.9464,0.07105,0.10233333333333333,0.04033333333333333,0.08066666666666666,0.08759999999999998,0.10607142857142857,0.142,0.057999999999999996,0.07233333333333333,0.07833333333333334,0.07733333333333335,0.12279999999999998,0.052,0.139,0.092,0.8253333333333334,0.8813333333333332,0.842,0.7892,0.8418571428571429,0.7190000000000001,0.8500000000000001,-0.21267222222222223,0.9903,-0.9625,0.3267333333333334,-0.5594,-0.9464,0.759426,0.09000000000000001,0.006999999999999999,0.0925,0.07333333333333332,0.11325,0.142,0.04588,0.07455555555555556,0.129,0.07600000000000001,0.10633333333333332,0.051750000000000004,0.139,0.10667,0.8353333333333334,0.8640000000000001,0.8314999999999999,0.82,0.8345,0.7190000000000001,0.8474900000000002
2018-08-28 13:00:00,2018-08-28,-0.28531818181818186,0.08600000000000001,0.09154545454545454,0.822181818181818,0.8365,0.07599999999999998,0.08741176470588236,-0.20020882352941177,-0.3309,0.4693666666666667,-0.3125666666666667,0.19326000000000002,-0.5610642857142857,-0.9464,0.07105,0.10233333333333333,0.04033333333333333,0.08066666666666666,0.08759999999999998,0.10607142857142857,0.142,0.057999999999999996,0.07233333333333333,0.07833333333333334,0.07733333333333335,0.12279999999999998,0.052,0.139,0.092,0.8253333333333334,0.8813333333333332,0.842,0.7892,0.8418571428571429,0.7190000000000001,0.8500000000000001,-0.21267222222222223,0.9903,-0.9625,0.3267333333333334,-0.5594,-0.9464,0.759426,0.09000000000000001,0.006999999999999999,0.0925,0.07333333333333332,0.11325,0.142,0.04588,0.07455555555555556,0.129,0.07600000000000001,0.10633333333333332,0.051750000000000004,0.139,0.10667,0.8353333333333334,0.8640000000000001,0.8314999999999999,0.82,0.8345,0.7190000000000001,0.8474900000000002
2018-08-28 12:30:00,2018-08-28,-0.21782000000000004,0.0878,0.09269999999999999,0.8192,0.836030303030303,0.07624242424242424,0.08763636363636365,-0.17717575757575757,-0.3309,0.4693666666666667,0.011299999999999977,0.19326000000000002,-0.5610642857142857,-0.9464,0.07105,0.10233333333333333,0.04033333333333333,0.081,0.08759999999999998,0.10607142857142857,0.142,0.057999999999999996,0.07233333333333333,0.07833333333333334,0.082,0.12279999999999998,0.052,0.139,0.092,0.8253333333333334,0.8813333333333332,0.837,0.7892,0.8418571428571429,0.7190000000000001,0.8500000000000001,-0.21267222222222223,0.9903,-0.9647,0.3267333333333334,-0.5594,-0.9464,0.759426,0.09000000000000001,0.006999999999999999,0.105,0.07333333333333332,0.11325,0.142,0.04588,0.07455555555555556,0.129,0.084,0.10633333333333332,0.051750000000000004,0.139,0.10667,0.8353333333333334,0.8640000000000001,0.8109999999999999,0.82,0.8345,0.7190000000000001,0.8474900000000002
2018-08-28 12:00:00,2018-08-28,-0.1368666666666667,0.08211111111111111,0.08722222222222221,0.8303333333333334,0.8396875,0.07428125,0.0859375,-0.15313750000000004,-0.3309,0.4693666666666667,0.011299999999999977,0.19326000000000002,-0.5610642857142857,0.54635,0.07105,0.10233333333333333,0.04033333333333333,0.081,0.08759999999999998,0.10607142857142857,0.064625,0.057999999999999996,0.07233333333333333,0.07833333333333334,0.082,0.12279999999999998,0.052,0.086,0.092,0.8253333333333334,0.8813333333333332,0.837,0.7892,0.8418571428571429,0.849125,0.8500000000000001,-0.21267222222222223,0.9903,-0.9647,0.3267333333333334,-0.5594,0.45043000000000005,0.759426,0.09000000000000001,0.006999999999999999,0.105,0.07333333333333332,0.11325,0.06649999999999999,0.04588,0.07455555555555556,0.129,0.084,0.10633333333333332,0.051750000000000004,0.0885,0.10667,0.8353333333333334,0.8640000000000001,0.8109999999999999,0.82,0.8345,0.8446,0.8474900000000002
2018-08-28 11:30:00,2018-08-28,-0.27776249999999997,0.07624999999999998,0.09725,0.826125,0.8389032258064516,0.07251612903225806,0.08848387096774193,-0.19002258064516123,-0.3309,0.36517999999999995,0.011299999999999977,0.19326000000000002,-0.5610642857142857,0.54635,0.07105,0.10233333333333333,0.047,0.081,0.08759999999999998,0.10607142857142857,0.064625,0.057999999999999996,0.07233333333333333,0.06820000000000001,0.082,0.12279999999999998,0.052,0.086,0.092,0.8253333333333334,0.8847999999999999,0.837,0.7892,0.8418571428571429,0.849125,0.8500000000000001,-0.21267222222222223,0.2908179047619048,-0.9647,0.3267333333333334,-0.5594,0.45043000000000005,0.759426,0.09000000000000001,0.04973333333333334,0.105,0.07333333333333332,0.11325,0.06649999999999999,0.04588,0.07455555555555556,0.08055904761904761,0.084,0.10633333333333332,0.051750000000000004,0.0885,0.10667,0.8353333333333334,0.869764761904762,0.8109999999999999,0.82,0.8345,0.8446,0.8474900000000002
2018-08-28 11:00:00,2018-08-28,-0.45851428571428576,0.07257142857142855,0.10385714285714286,0.8231428571428571,0.8386333333333333,0.07153333333333335,0.08973333333333332,-0.22927333333333333,-0.3309,0.36517999999999995,0.011299999999999977,-0.005299999999999999,-0.5610642857142857,0.54635,0.07105,0.10233333333333333,0.047,0.081,0.09675,0.10607142857142857,0.064625,0.057999999999999996,0.07233333333333333,0.06820000000000001,0.082,0.12799999999999997,0.052,0.086,0.092,0.8253333333333334,0.8847999999999999,0.837,0.7747499999999999,0.8418571428571429,0.849125,0.8500000000000001,-0.21267222222222223,0.2908179047619048,-0.9647,-0.0036499999999999866,-0.5594,0.45043000000000005,0.759426,0.09000000000000001,0.04973333333333334,0.105,0.08449999999999999,0.11325,0.06649999999999999,0.04588,0.07455555555555556,0.08055904761904761,0.084,0.10849999999999999,0.051750000000000004,0.0885,0.10667,0.8353333333333334,0.869764761904762,0.8109999999999999,0.8065,0.8345,0.8446,0.8474900000000002
2018-08-28 10:30:00,2018-08-28,-0.6487999999999999,0.06966666666666665,0.11033333333333332,0.8196666666666667,0.8384482758620689,0.07089655172413793,0.09058620689655171,-0.26073793103448273,-0.3309,0.36517999999999995,0.011299999999999977,-0.005299999999999999,-0.656776923076923,0.54635,0.07105,0.10233333333333333,0.047,0.081,0.09675,0.10923076923076924,0.064625,0.057999999999999996,0.07233333333333333,0.06820000000000001,0.082,0.12799999999999997,0.04907692307692307,0.086,0.092,0.8253333333333334,0.8847999999999999,0.837,0.7747499999999999,0.8416923076923077,0.849125,0.8500000000000001,-0.21267222222222223,0.2908179047619048,-0.9647,-0.0036499999999999866,-0.9735999999999999,0.45043000000000005,0.759426,0.09000000000000001,0.04973333333333334,0.105,0.08449999999999999,0.12933333333333333,0.06649999999999999,0.04588,0.07455555555555556,0.08055904761904761,0.084,0.10849999999999999,0.039,0.0885,0.10667,0.8353333333333334,0.869764761904762,0.8109999999999999,0.8065,0.8313333333333333,0.8446,0.8474900000000002
2018-08-28 10:00:00,2018-08-28,-0.6487999999999999,0.06966666666666665,0.11033333333333332,0.8196666666666667,0.8384482758620689,0.07089655172413793,0.09058620689655171,-0.26073793103448273,-0.3309,0.36517999999999995,0.011299999999999977,-0.005299999999999999,-0.656776923076923,0.54635,0.07105,0.10233333333333333,0.047,0.081,0.09675,0.10923076923076924,0.064625,0.057999999999999996,0.07233333333333333,0.06820000000000001,0.082,0.12799999999999997,0.04907692307692307,0.086,0.092,0.8253333333333334,0.8847999999999999,0.837,0.7747499999999999,0.8416923076923077,0.849125,0.8500000000000001,-0.21267222222222223,0.2908179047619048,-0.9647,-0.0036499999999999866,-0.9735999999999999,0.45043000000000005,0.759426,0.09000000000000001,0.04973333333333334,0.105,0.08449999999999999,0.12933333333333333,0.06649999999999999,0.04588,0.07455555555555556,0.08055904761904761,0.084,0.10849999999999999,0.039,0.0885,0.10667,0.8353333333333334,0.869764761904762,0.8109999999999999,0.8065,0.8313333333333333,0.8446,0.8474900000000002
2018-08-28 09:30:00,2018-08-28,-0.6487999999999999,0.06966666666666665,0.11033333333333332,0.8196666666666667,0.8384482758620689,0.07089655172413793,0.09058620689655171,-0.26073793103448273,-0.3309,0.36517999999999995,0.011299999999999977,-0.005299999999999999,-0.656776923076923,0.54635,0.07105,0.10233333333333333,0.047,0.081,0.09675,0.10923076923076924,0.064625,0.057999999999999996,0.07233333333333333,0.06820000000000001,0.082,0.12799999999999997,0.04907692307692307,0.086,0.092,0.8253333333333334,0.8847999999999999,0.837,0.7747499999999999,0.8416923076923077,0.849125,0.8500000000000001,-0.21267222222222223,0.2908179047619048,-0.9647,-0.0036499999999999866,-0.9735999999999999,0.45043000000000005,0.759426,0.09000000000000001,0.04973333333333334,0.105,0.08449999999999999,0.12933333333333333,0.06649999999999999,0.04588,0.07455555555555556,0.08055904761904761,0.084,0.10849999999999999,0.039,0.0885,0.10667,0.8353333333333334,0.869764761904762,0.8109999999999999,0.8065,0.8313333333333333,0.8446,0.8474900000000002
2018-08-27 15:30:00,2018-08-27,-0.4194142857142857,0.07014285714285715,0.10114285714285713,0.8286428571428572,0.8266470588235295,0.07741176470588236,0.0958235294117647,-0.2751647058823529,-0.9954,-0.2611,0.99205,-0.006950000000000012,-0.7215714285714286,0.998,-0.8163,0.153,0.06833333333333334,0.076,0.109,0.10971428571428572,0.051,0.08199999999999999,0.06,0.06766666666666667,0.11699999999999999,0.1475,0.04742857142857143,0.11800000000000001,0.07400000000000001,0.787,0.864,0.8069999999999999,0.7430000000000001,0.8428571428571429,0.83,0.8440000000000001,-0.9954,0.00874999999999998,0.9873,-0.006950000000000012,-0.7215714285714286,0.45043000000000005,-0.8163,0.153,0.069,0.057,0.109,0.10971428571428572,0.06649999999999999,0.08199999999999999,0.06,0.07050000000000001,0.08,0.1475,0.04742857142857143,0.0885,0.07400000000000001,0.787,0.8605,0.863,0.7430000000000001,0.8428571428571429,0.8446,0.8440000000000001
2018-08-27 15:00:00,2018-08-27,-0.3750153846153846,0.07300000000000001,0.10061538461538462,0.8263076923076922,0.8246249999999999,0.0801875,0.0950625,-0.230075,-0.9954,-0.2611,0.99205,-0.006950000000000012,-0.6757333333333332,0.998,-0.8163,0.153,0.06833333333333334,0.076,0.109,0.11,0.051,0.08199999999999999,0.06,0.06766666666666667,0.11699999999999999,0.1475,0.04983333333333334,0.11800000000000001,0.07400000000000001,0.787,0.864,0.8069999999999999,0.7430000000000001,0.8401666666666667,0.83,0.8440000000000001,-0.9954,0.00874999999999998,0.9873,-0.006950000000000012,-0.6757333333333332,0.45043000000000005,-0.8163,0.153,0.069,0.057,0.109,0.11,0.06649999999999999,0.08199999999999999,0.06,0.07050000000000001,0.08,0.1475,0.04983333333333334,0.0885,0.07400000000000001,0.787,0.8605,0.863,0.7430000000000001,0.8401666666666667,0.8446,0.8440000000000001
2018-08-27 14:30:00,2018-08-27,-0.44288181818181815,0.07209090909090908,0.10418181818181817,0.8236363636363637,0.8222857142857143,0.0805,0.09707142857142856,-0.26269285714285706,-0.18058,-0.8876,0.99205,-0.006950000000000012,-0.6757333333333332,0.998,-0.8163,0.08,0.098,0.076,0.109,0.11,0.051,0.08199999999999999,0.0718,0.0535,0.11699999999999999,0.1475,0.04983333333333334,0.11800000000000001,0.07400000000000001,0.8480000000000001,0.8485,0.8069999999999999,0.7430000000000001,0.8401666666666667,0.83,0.8440000000000001,-0.15355833333333332,-0.9744,0.9873,-0.006950000000000012,-0.6757333333333332,0.45043000000000005,-0.8163,0.08383333333333334,0.129,0.057,0.109,0.11,0.06649999999999999,0.08199999999999999,0.07566666666666667,0.045,0.08,0.1475,0.04983333333333334,0.0885,0.07400000000000001,0.8403333333333334,0.826,0.863,0.7430000000000001,0.8401666666666667,0.8446,0.8440000000000001
2018-08-27 14:00:00,2018-08-27,-0.4837000000000001,0.078625,0.108125,0.8131250000000001,0.8142727272727274,0.08754545454545455,0.09799999999999999,-0.24323636363636367,-0.18058,-0.8876,0.9968,-0.006950000000000012,-0.51625,0.998,-0.8163,0.08,0.098,0.095,0.109,0.10900000000000001,0.051,0.08199999999999999,0.0718,0.0535,0.154,0.1475,0.05375,0.11800000000000001,0.07400000000000001,0.8480000000000001,0.8485,0.7509999999999999,0.7430000000000001,0.83725,0.83,0.8440000000000001,-0.15355833333333332,-0.9744,0.37904400000000005,-0.006950000000000012,-0.51625,0.45043000000000005,-0.8163,0.08383333333333334,0.129,0.07849333333333333,0.109,0.10900000000000001,0.06649999999999999,0.08199999999999999,0.07566666666666667,0.045,0.10373666666666666,0.1475,0.05375,0.0885,0.07400000000000001,0.8403333333333334,0.826,0.8177133333333334,0.7430000000000001,0.83725,0.8446,0.8440000000000001
2018-08-27 13:30:00,2018-08-27,-0.4837000000000001,0.078625,0.108125,0.8131250000000001,0.8142727272727274,0.08754545454545455,0.09799999999999999,-0.24323636363636367,-0.18058,-0.8876,0.9968,-0.006950000000000012,-0.51625,0.998,-0.8163,0.08,0.098,0.095,0.109,0.10900000000000001,0.051,0.08199999999999999,0.0718,0.0535,0.154,0.1475,0.05375,0.11800000000000001,0.07400000000000001,0.8480000000000001,0.8485,0.7509999999999999,0.7430000000000001,0.83725,0.83,0.8440000000000001,-0.15355833333333332,-0.9744,0.37904400000000005,-0.006950000000000012,-0.51625,0.45043000000000005,-0.8163,0.08383333333333334,0.129,0.07849333333333333,0.109,0.10900000000000001,0.06649999999999999,0.08199999999999999,0.07566666666666667,0.045,0.10373666666666666,0.1475,0.05375,0.0885,0.07400000000000001,0.8403333333333334,0.826,0.8177133333333334,0.7430000000000001,0.83725,0.8446,0.8440000000000001
2018-08-27 13:00:00,2018-08-27,-0.4837000000000001,0.078625,0.108125,0.8131250000000001,0.8142727272727274,0.08754545454545455,0.09799999999999999,-0.24323636363636367,-0.18058,-0.8876,0.9968,-0.006950000000000012,-0.51625,0.998,-0.8163,0.08,0.098,0.095,0.109,0.10900000000000001,0.051,0.08199999999999999,0.0718,0.0535,0.154,0.1475,0.05375,0.11800000000000001,0.07400000000000001,0.8480000000000001,0.8485,0.7509999999999999,0.7430000000000001,0.83725,0.83,0.8440000000000001,-0.15355833333333332,-0.9744,0.37904400000000005,-0.006950000000000012,-0.51625,0.45043000000000005,-0.8163,0.08383333333333334,0.129,0.07849333333333333,0.109,0.10900000000000001,0.06649999999999999,0.08199999999999999,0.07566666666666667,0.045,0.10373666666666666,0.1475,0.05375,0.0885,0.07400000000000001,0.8403333333333334,0.826,0.8177133333333334,0.7430000000000001,0.83725,0.8446,0.8440000000000001
2018-08-27 12:30:00,2018-08-27,-0.4837000000000001,0.078625,0.108125,0.8131250000000001,0.8142727272727274,0.08754545454545455,0.09799999999999999,-0.24323636363636367,-0.18058,-0.8876,0.9968,-0.006950000000000012,-0.51625,0.998,-0.8163,0.08,0.098,0.095,0.109,0.10900000000000001,0.051,0.08199999999999999,0.0718,0.0535,0.154,0.1475,0.05375,0.11800000000000001,0.07400000000000001,0.8480000000000001,0.8485,0.7509999999999999,0.7430000000000001,0.83725,0.83,0.8440000000000001,-0.15355833333333332,-0.9744,0.37904400000000005,-0.006950000000000012,-0.51625,0.45043000000000005,-0.8163,0.08383333333333334,0.129,0.07849333333333333,0.109,0.10900000000000001,0.06649999999999999,0.08199999999999999,0.07566666666666667,0.045,0.10373666666666666,0.1475,0.05375,0.0885,0.07400000000000001,0.8403333333333334,0.826,0.8177133333333334,0.7430000000000001,0.83725,0.8446,0.8440000000000001
2018-08-27 12:00:00,2018-08-27,-0.6857285714285715,0.08128571428571428,0.12114285714285714,0.7974285714285715,0.8034000000000001,0.0903,0.1061,-0.3606099999999999,-0.18058,-0.8876,0.9968,-0.006950000000000012,-0.9985,0.998,-0.8163,0.08,0.098,0.095,0.109,0.1396666666666667,0.051,0.08199999999999999,0.0718,0.0535,0.154,0.1475,0.051666666666666666,0.11800000000000001,0.07400000000000001,0.8480000000000001,0.8485,0.7509999999999999,0.7430000000000001,0.8086666666666668,0.83,0.8440000000000001,-0.15355833333333332,-0.9744,0.37904400000000005,-0.006950000000000012,-0.9985,0.45043000000000005,-0.8163,0.08383333333333334,0.129,0.07849333333333333,0.109,0.1396666666666667,0.06649999999999999,0.08199999999999999,0.07566666666666667,0.045,0.10373666666666666,0.1475,0.051666666666666666,0.0885,0.07400000000000001,0.8403333333333334,0.826,0.8177133333333334,0.7430000000000001,0.8086666666666668,0.8446,0.8440000000000001
2018-08-27 11:30:00,2018-08-27,-0.9616600000000002,0.0618,0.1306,0.8074000000000001,0.8111250000000001,0.080375,0.10824999999999999,-0.4517875,-0.18058,-0.8008,0.9968,-0.9965,-0.9985,0.998,-0.8163,0.08,0.067,0.095,0.152,0.1396666666666667,0.051,0.08199999999999999,0.0718,0.062,0.154,0.08,0.051666666666666666,0.11800000000000001,0.07400000000000001,0.8480000000000001,0.871,0.7509999999999999,0.767,0.8086666666666668,0.83,0.8440000000000001,-0.15355833333333332,0.27222738095238097,0.37904400000000005,-0.9965,-0.9985,0.45043000000000005,-0.8163,0.08383333333333334,0.05041666666666667,0.07849333333333333,0.152,0.1396666666666667,0.06649999999999999,0.08199999999999999,0.07566666666666667,0.08364880952380953,0.10373666666666666,0.08,0.051666666666666666,0.0885,0.07400000000000001,0.8403333333333334,0.8660059523809525,0.8177133333333334,0.767,0.8086666666666668,0.8446,0.8440000000000001
2018-08-27 11:00:00,2018-08-27,-0.9616600000000002,0.0618,0.1306,0.8074000000000001,0.8111250000000001,0.080375,0.10824999999999999,-0.4517875,-0.18058,-0.8008,0.9968,-0.9965,-0.9985,0.998,-0.8163,0.08,0.067,0.095,0.152,0.1396666666666667,0.051,0.08199999999999999,0.0718,0.062,0.154,0.08,0.051666666666666666,0.11800000000000001,0.07400000000000001,0.8480000000000001,0.871,0.7509999999999999,0.767,0.8086666666666668,0.83,0.8440000000000001,-0.15355833333333332,0.27222738095238097,0.37904400000000005,-0.9965,-0.9985,0.45043000000000005,-0.8163,0.08383333333333334,0.05041666666666667,0.07849333333333333,0.152,0.1396666666666667,0.06649999999999999,0.08199999999999999,0.07566666666666667,0.08364880952380953,0.10373666666666666,0.08,0.051666666666666666,0.0885,0.07400000000000001,0.8403333333333334,0.8660059523809525,0.8177133333333334,0.767,0.8086666666666668,0.8446,0.8440000000000001
2018-08-27 10:30:00,2018-08-27,-0.9980000000000001,0.05875,0.14275000000000002,0.7982500000000001,0.8064285714285714,0.08128571428571428,0.11200000000000002,-0.39971428571428586,-0.18058,-0.8008,0.9968,-0.9965,-0.9985,0.998,0.9037090909090909,0.08,0.067,0.095,0.152,0.1396666666666667,0.051,0.03909090909090909,0.0718,0.062,0.154,0.08,0.051666666666666666,0.11800000000000001,0.10345454545454545,0.8480000000000001,0.871,0.7509999999999999,0.767,0.8086666666666668,0.83,0.8575454545454545,-0.15355833333333332,0.27222738095238097,0.37904400000000005,-0.9965,-0.9985,0.45043000000000005,0.93152,0.08383333333333334,0.05041666666666667,0.07849333333333333,0.152,0.1396666666666667,0.06649999999999999,0.04285,0.07566666666666667,0.08364880952380953,0.10373666666666666,0.08,0.051666666666666666,0.0885,0.1103375,0.8403333333333334,0.8660059523809525,0.8177133333333334,0.767,0.8086666666666668,0.8446,0.8468625000000001
2018-08-27 10:00:00,2018-08-27,-0.9985,0.051666666666666666,0.1396666666666667,0.8086666666666668,0.8130000000000001,0.0815,0.10533333333333335,-0.3002500000000001,-0.18058,-0.8008,0.9968,-0.0733466666666667,-0.9985,0.998,0.9037090909090909,0.08,0.067,0.095,0.08780000000000002,0.1396666666666667,0.051,0.03909090909090909,0.0718,0.062,0.154,0.08759999999999998,0.051666666666666666,0.11800000000000001,0.10345454545454545,0.8480000000000001,0.871,0.7509999999999999,0.8245999999999999,0.8086666666666668,0.83,0.8575454545454545,-0.15355833333333332,0.27222738095238097,0.37904400000000005,-0.053877777777777795,-0.9985,0.45043000000000005,0.93152,0.08383333333333334,0.05041666666666667,0.07849333333333333,0.09027777777777779,0.1396666666666667,0.06649999999999999,0.04285,0.07566666666666667,0.08364880952380953,0.10373666666666666,0.08877777777777779,0.051666666666666666,0.0885,0.1103375,0.8403333333333334,0.8660059523809525,0.8177133333333334,0.8209999999999998,0.8086666666666668,0.8446,0.8468625000000001
2018-08-27 09:30:00,2018-08-27,-0.9985,0.051666666666666666,0.1396666666666667,0.8086666666666668,0.8130000000000001,0.0815,0.10533333333333335,-0.3002500000000001,-0.18058,-0.8008,0.9968,-0.0733466666666667,-0.9985,0.998,0.9037090909090909,0.08,0.067,0.095,0.08780000000000002,0.1396666666666667,0.051,0.03909090909090909,0.0718,0.062,0.154,0.08759999999999998,0.051666666666666666,0.11800000000000001,0.10345454545454545,0.8480000000000001,0.871,0.7509999999999999,0.8245999999999999,0.8086666666666668,0.83,0.8575454545454545,-0.15355833333333332,0.27222738095238097,0.37904400000000005,-0.053877777777777795,-0.9985,0.45043000000000005,0.93152,0.08383333333333334,0.05041666666666667,0.07849333333333333,0.09027777777777779,0.1396666666666667,0.06649999999999999,0.04285,0.07566666666666667,0.08364880952380953,0.10373666666666666,0.08877777777777779,0.051666666666666666,0.0885,0.1103375,0.8403333333333334,0.8660059523809525,0.8177133333333334,0.8209999999999998,0.8086666666666668,0.8446,0.8468625000000001
2018-08-24 15:30:00,2018-08-24,-0.6431166666666667,0.059,0.09583333333333333,0.8446666666666666,0.854081081081081,0.0742972972972973,0.07159459459459462,0.06621351351351352,-0.2886666666666667,0.07756666666666666,0.2830833333333333,-0.3970857142857143,-0.11913333333333329,0.9963,0.7528,0.06466666666666666,0.054666666666666676,0.07333333333333332,0.1012857142857143,0.07277777777777777,0.0595,0.051,0.05633333333333334,0.08016666666666668,0.09216666666666667,0.06642857142857142,0.05711111111111111,0.09,0.09675,0.8786666666666667,0.8651666666666668,0.8346666666666667,0.8322857142857144,0.8699999999999999,0.8505,0.8522500000000001,-0.2886666666666667,0.4486047619047619,0.006249999999999978,-0.9837,-0.9625,0.5682,0.8709399999999999,0.06466666666666666,0.04883333333333334,0.07400000000000001,0.151,0.09200000000000001,0.067,0.0387,0.05633333333333334,0.08029761904761905,0.0945,0.057,0.036000000000000004,0.07825,0.099175,0.8786666666666667,0.8710119047619049,0.8315,0.792,0.871,0.85475,0.862225
2018-08-24 15:00:00,2018-08-24,-0.6431166666666667,0.059,0.09583333333333333,0.8446666666666666,0.854081081081081,0.0742972972972973,0.07159459459459462,0.06621351351351352,-0.2886666666666667,0.07756666666666666,0.2830833333333333,-0.3970857142857143,-0.11913333333333329,0.9963,0.7528,0.06466666666666666,0.054666666666666676,0.07333333333333332,0.1012857142857143,0.07277777777777777,0.0595,0.051,0.05633333333333334,0.08016666666666668,0.09216666666666667,0.06642857142857142,0.05711111111111111,0.09,0.09675,0.8786666666666667,0.8651666666666668,0.8346666666666667,0.8322857142857144,0.8699999999999999,0.8505,0.8522500000000001,-0.2886666666666667,0.4486047619047619,0.006249999999999978,-0.9837,-0.9625,0.5682,0.8709399999999999,0.06466666666666666,0.04883333333333334,0.07400000000000001,0.151,0.09200000000000001,0.067,0.0387,0.05633333333333334,0.08029761904761905,0.0945,0.057,0.036000000000000004,0.07825,0.099175,0.8786666666666667,0.8710119047619049,0.8315,0.792,0.871,0.85475,0.862225
2018-08-24 14:30:00,2018-08-24,-0.57924,0.06359999999999999,0.09659999999999999,0.8394,0.8536111111111111,0.07536111111111111,0.07102777777777779,0.09478888888888888,-0.2886666666666667,0.07756666666666666,0.2830833333333333,-0.3970857142857143,-0.013712499999999989,0.9963,0.7528,0.06466666666666666,0.054666666666666676,0.07333333333333332,0.1012857142857143,0.070375,0.0595,0.051,0.05633333333333334,0.08016666666666668,0.09216666666666667,0.06642857142857142,0.05975000000000001,0.09,0.09675,0.8786666666666667,0.8651666666666668,0.8346666666666667,0.8322857142857144,0.869875,0.8505,0.8522500000000001,-0.2886666666666667,0.4486047619047619,0.006249999999999978,-0.9837,-0.9625,0.5682,0.8709399999999999,0.06466666666666666,0.04883333333333334,0.07400000000000001,0.151,0.092,0.067,0.0387,0.05633333333333334,0.08029761904761905,0.0945,0.057,0.036000000000000004,0.07825,0.099175,0.8786666666666667,0.8710119047619049,0.8315,0.792,0.871,0.85475,0.862225
2018-08-24 14:00:00,2018-08-24,-0.57924,0.06359999999999999,0.09659999999999999,0.8394,0.8536111111111111,0.07536111111111111,0.07102777777777779,0.09478888888888888,-0.2886666666666667,0.07756666666666666,0.2830833333333333,-0.3970857142857143,-0.013712499999999989,0.9963,0.7528,0.06466666666666666,0.054666666666666676,0.07333333333333332,0.1012857142857143,0.070375,0.0595,0.051,0.05633333333333334,0.08016666666666668,0.09216666666666667,0.06642857142857142,0.05975000000000001,0.09,0.09675,0.8786666666666667,0.8651666666666668,0.8346666666666667,0.8322857142857144,0.869875,0.8505,0.8522500000000001,-0.2886666666666667,0.4486047619047619,0.006249999999999978,-0.9837,-0.9625,0.5682,0.8709399999999999,0.06466666666666666,0.04883333333333334,0.07400000000000001,0.151,0.092,0.067,0.0387,0.05633333333333334,0.08029761904761905,0.0945,0.057,0.036000000000000004,0.07825,0.099175,0.8786666666666667,0.8710119047619049,0.8315,0.792,0.871,0.85475,0.862225
2018-08-24 13:30:00,2018-08-24,-0.57924,0.06359999999999999,0.09659999999999999,0.8394,0.8536111111111111,0.07536111111111111,0.07102777777777779,0.09478888888888888,-0.2886666666666667,0.07756666666666666,0.2830833333333333,-0.3970857142857143,-0.013712499999999989,0.9963,0.7528,0.06466666666666666,0.054666666666666676,0.07333333333333332,0.1012857142857143,0.070375,0.0595,0.051,0.05633333333333334,0.08016666666666668,0.09216666666666667,0.06642857142857142,0.05975000000000001,0.09,0.09675,0.8786666666666667,0.8651666666666668,0.8346666666666667,0.8322857142857144,0.869875,0.8505,0.8522500000000001,-0.2886666666666667,0.4486047619047619,0.006249999999999978,-0.9837,-0.9625,0.5682,0.8709399999999999,0.06466666666666666,0.04883333333333334,0.07400000000000001,0.151,0.092,0.067,0.0387,0.05633333333333334,0.08029761904761905,0.0945,0.057,0.036000000000000004,0.07825,0.099175,0.8786666666666667,0.8710119047619049,0.8315,0.792,0.871,0.85475,0.862225
2018-08-24 13:00:00,2018-08-24,-0.9728,0.054,0.10774999999999998,0.83775,0.8538285714285715,0.0746,0.07157142857142858,0.06906857142857142,-0.2886666666666667,0.07756666666666666,0.1407,-0.3970857142857143,-0.013712499999999989,0.9963,0.7528,0.06466666666666666,0.054666666666666676,0.0776,0.1012857142857143,0.070375,0.0595,0.051,0.05633333333333334,0.08016666666666668,0.0902,0.06642857142857142,0.05975000000000001,0.09,0.09675,0.8786666666666667,0.8651666666666668,0.8324,0.8322857142857144,0.869875,0.8505,0.8522500000000001,-0.2886666666666667,0.4486047619047619,-0.9825,-0.9837,-0.9625,0.5682,0.8709399999999999,0.06466666666666666,0.04883333333333334,0.096,0.151,0.092,0.067,0.0387,0.05633333333333334,0.08029761904761905,0.087,0.057,0.036000000000000004,0.07825,0.099175,0.8786666666666667,0.8710119047619049,0.8170000000000001,0.792,0.871,0.85475,0.862225
2018-08-24 12:30:00,2018-08-24,-0.9691666666666667,0.053,0.09333333333333334,0.8530000000000001,0.8556470588235293,0.07511764705882354,0.06923529411764708,0.10003235294117646,-0.2886666666666667,0.07756666666666666,0.1407,-0.2993166666666667,-0.013712499999999989,0.9963,0.7528,0.06466666666666666,0.054666666666666676,0.0776,0.09300000000000001,0.070375,0.0595,0.051,0.05633333333333334,0.08016666666666668,0.0902,0.068,0.05975000000000001,0.09,0.09675,0.8786666666666667,0.8651666666666668,0.8324,0.839,0.869875,0.8505,0.8522500000000001,-0.2886666666666667,0.4486047619047619,-0.9825,-0.10255000000000003,-0.9625,0.5682,0.8709399999999999,0.06466666666666666,0.04883333333333334,0.096,0.08408333333333334,0.092,0.067,0.0387,0.05633333333333334,0.08029761904761905,0.087,0.08583333333333334,0.036000000000000004,0.07825,0.099175,0.8786666666666667,0.8710119047619049,0.8170000000000001,0.8299999999999998,0.871,0.85475,0.862225
2018-08-24 12:00:00,2018-08-24,-0.9725,0.0615,0.094,0.8440000000000001,0.855181818181818,0.0763030303030303,0.06854545454545455,0.13223030303030303,-0.2886666666666667,0.07756666666666666,0.1407,-0.2993166666666667,0.12182857142857142,0.9963,0.7528,0.06466666666666666,0.054666666666666676,0.0776,0.09300000000000001,0.06728571428571427,0.0595,0.051,0.05633333333333334,0.08016666666666668,0.0902,0.068,0.06314285714285714,0.09,0.09675,0.8786666666666667,0.8651666666666668,0.8324,0.839,0.8697142857142856,0.8505,0.8522500000000001,-0.2886666666666667,0.4486047619047619,-0.9825,-0.10255000000000003,-0.9625,0.5682,0.8709399999999999,0.06466666666666666,0.04883333333333334,0.096,0.08408333333333334,0.092,0.067,0.0387,0.05633333333333334,0.08029761904761905,0.087,0.08583333333333334,0.036000000000000004,0.07825,0.099175,0.8786666666666667,0.8710119047619049,0.8170000000000001,0.8299999999999998,0.871,0.85475,0.862225
2018-08-24 11:30:00,2018-08-24,-0.9825,0.087,0.096,0.8170000000000001,0.8546875,0.0775625,0.0678125,0.16644062499999998,-0.2886666666666667,0.07756666666666666,0.1407,-0.2993166666666667,0.30255000000000004,0.9963,0.7528,0.06466666666666666,0.054666666666666676,0.0776,0.09300000000000001,0.06316666666666666,0.0595,0.051,0.05633333333333334,0.08016666666666668,0.0902,0.068,0.06766666666666668,0.09,0.09675,0.8786666666666667,0.8651666666666668,0.8324,0.839,0.8694999999999999,0.8505,0.8522500000000001,-0.2886666666666667,0.4486047619047619,-0.9825,-0.10255000000000003,0.47260500000000005,0.5682,0.8709399999999999,0.06466666666666666,0.04883333333333334,0.096,0.08408333333333334,0.05538333333333333,0.067,0.0387,0.05633333333333334,0.08029761904761905,0.087,0.08583333333333334,0.06513333333333335,0.07825,0.099175,0.8786666666666667,0.8710119047619049,0.8170000000000001,0.8299999999999998,0.8796499999999999,0.85475,0.862225
2018-08-24 11:00:00,2018-08-24,-0.9825,0.087,0.096,0.8170000000000001,0.8546875,0.0775625,0.0678125,0.16644062499999998,-0.2886666666666667,0.07756666666666666,0.1407,-0.2993166666666667,0.30255000000000004,0.9963,0.7528,0.06466666666666666,0.054666666666666676,0.0776,0.09300000000000001,0.06316666666666666,0.0595,0.051,0.05633333333333334,0.08016666666666668,0.0902,0.068,0.06766666666666668,0.09,0.09675,0.8786666666666667,0.8651666666666668,0.8324,0.839,0.8694999999999999,0.8505,0.8522500000000001,-0.2886666666666667,0.4486047619047619,-0.9825,-0.10255000000000003,0.47260500000000005,0.5682,0.8709399999999999,0.06466666666666666,0.04883333333333334,0.096,0.08408333333333334,0.05538333333333333,0.067,0.0387,0.05633333333333334,0.08029761904761905,0.087,0.08583333333333334,0.06513333333333335,0.07825,0.099175,0.8786666666666667,0.8710119047619049,0.8170000000000001,0.8299999999999998,0.8796499999999999,0.85475,0.862225
2018-08-24 10:30:00,2018-08-24,-0.9825,0.087,0.096,0.8170000000000001,0.8546875,0.0775625,0.0678125,0.16644062499999998,-0.2886666666666667,0.07756666666666666,0.1407,-0.2993166666666667,0.30255000000000004,0.9963,0.7528,0.06466666666666666,0.054666666666666676,0.0776,0.09300000000000001,0.06316666666666666,0.0595,0.051,0.05633333333333334,0.08016666666666668,0.0902,0.068,0.06766666666666668,0.09,0.09675,0.8786666666666667,0.8651666666666668,0.8324,0.839,0.8694999999999999,0.8505,0.8522500000000001,-0.2886666666666667,0.4486047619047619,-0.9825,-0.10255000000000003,0.47260500000000005,0.5682,0.8709399999999999,0.06466666666666666,0.04883333333333334,0.096,0.08408333333333334,0.05538333333333333,0.067,0.0387,0.05633333333333334,0.08029761904761905,0.087,0.08583333333333334,0.06513333333333335,0.07825,0.099175,0.8786666666666667,0.8710119047619049,0.8170000000000001,0.8299999999999998,0.8796499999999999,0.85475,0.862225
2018-08-24 10:00:00,2018-08-24,-0.9825,0.087,0.096,0.8170000000000001,0.8546875,0.0775625,0.0678125,0.16644062499999998,-0.2886666666666667,0.07756666666666666,0.1407,-0.2993166666666667,0.30255000000000004,0.9963,0.7528,0.06466666666666666,0.054666666666666676,0.0776,0.09300000000000001,0.06316666666666666,0.0595,0.051,0.05633333333333334,0.08016666666666668,0.0902,0.068,0.06766666666666668,0.09,0.09675,0.8786666666666667,0.8651666666666668,0.8324,0.839,0.8694999999999999,0.8505,0.8522500000000001,-0.2886666666666667,0.4486047619047619,-0.9825,-0.10255000000000003,0.47260500000000005,0.5682,0.8709399999999999,0.06466666666666666,0.04883333333333334,0.096,0.08408333333333334,0.05538333333333333,0.067,0.0387,0.05633333333333334,0.08029761904761905,0.087,0.08583333333333334,0.06513333333333335,0.07825,0.099175,0.8786666666666667,0.8710119047619049,0.8170000000000001,0.8299999999999998,0.8796499999999999,0.85475,0.862225
2018-08-24 09:30:00,2018-08-24,-0.9825,0.087,0.096,0.8170000000000001,0.8546875,0.0775625,0.0678125,0.16644062499999998,-0.2886666666666667,0.07756666666666666,0.1407,-0.2993166666666667,0.30255000000000004,0.9963,0.7528,0.06466666666666666,0.054666666666666676,0.0776,0.09300000000000001,0.06316666666666666,0.0595,0.051,0.05633333333333334,0.08016666666666668,0.0902,0.068,0.06766666666666668,0.09,0.09675,0.8786666666666667,0.8651666666666668,0.8324,0.839,0.8694999999999999,0.8505,0.8522500000000001,-0.2886666666666667,0.4486047619047619,-0.9825,-0.10255000000000003,0.47260500000000005,0.5682,0.8709399999999999,0.06466666666666666,0.04883333333333334,0.096,0.08408333333333334,0.05538333333333333,0.067,0.0387,0.05633333333333334,0.08029761904761905,0.087,0.08583333333333334,0.06513333333333335,0.07825,0.099175,0.8786666666666667,0.8710119047619049,0.8170000000000001,0.8299999999999998,0.8796499999999999,0.85475,0.862225
2018-08-23 15:30:00,2018-08-23,0.56525,0.0915,0.057937499999999996,0.85075,0.8521956521739134,0.09045652173913042,0.05743478260869567,0.539191304347826,-0.04385,0.8568666666666666,0.4119142857142858,-0.024266666666666672,0.7753875,0.5682,0.8625428571428572,0.07,0.039,0.08114285714285716,0.07655555555555554,0.045500000000000006,0.067,0.03742857142857143,0.068,0.08866666666666666,0.10757142857142858,0.09522222222222222,0.073875,0.07825,0.10185714285714285,0.8620000000000001,0.8725555555555556,0.8112857142857142,0.8281111111111111,0.8808750000000001,0.85475,0.860857142857143,-0.04385,0.98715,0.9331499999999999,-0.2612333333333333,0.9966,0.9963,0.5462,0.07,0.025,0.062,0.07933333333333334,0.042,0.0595,0.065,0.068,0.1175,0.0975,0.07833333333333332,0.09266666666666667,0.09,0.10250000000000001,0.8620000000000001,0.8574999999999999,0.841,0.8423333333333334,0.866,0.8505,0.8325
2018-08-23 15:00:00,2018-08-23,0.56525,0.0915,0.057937499999999996,0.85075,0.8521956521739134,0.09045652173913042,0.05743478260869567,0.539191304347826,-0.04385,0.8568666666666666,0.4119142857142858,-0.024266666666666672,0.7753875,0.5682,0.8625428571428572,0.07,0.039,0.08114285714285716,0.07655555555555554,0.045500000000000006,0.067,0.03742857142857143,0.068,0.08866666666666666,0.10757142857142858,0.09522222222222222,0.073875,0.07825,0.10185714285714285,0.8620000000000001,0.8725555555555556,0.8112857142857142,0.8281111111111111,0.8808750000000001,0.85475,0.860857142857143,-0.04385,0.98715,0.9331499999999999,-0.2612333333333333,0.9966,0.9963,0.5462,0.07,0.025,0.062,0.07933333333333334,0.042,0.0595,0.065,0.068,0.1175,0.0975,0.07833333333333332,0.09266666666666667,0.09,0.10250000000000001,0.8620000000000001,0.8574999999999999,0.841,0.8423333333333334,0.866,0.8505,0.8325
2018-08-23 14:30:00,2018-08-23,0.54644,0.09246666666666667,0.0576,0.8501333333333333,0.8520222222222226,0.09075555555555555,0.057311111111111125,0.5323422222222222,-0.9351,0.8568666666666666,0.4119142857142858,-0.024266666666666672,0.7753875,0.5682,0.8625428571428572,0.077,0.039,0.08114285714285716,0.07655555555555554,0.045500000000000006,0.067,0.03742857142857143,0.059000000000000004,0.08866666666666666,0.10757142857142858,0.09522222222222222,0.073875,0.07825,0.10185714285714285,0.8640000000000001,0.8725555555555556,0.8112857142857142,0.8281111111111111,0.8808750000000001,0.85475,0.860857142857143,-0.9351,0.98715,0.9331499999999999,-0.2612333333333333,0.9966,0.9963,0.5462,0.077,0.025,0.062,0.07933333333333334,0.042,0.0595,0.065,0.059000000000000004,0.1175,0.0975,0.07833333333333332,0.09266666666666667,0.09,0.10250000000000001,0.8640000000000001,0.8574999999999999,0.841,0.8423333333333334,0.866,0.8505,0.8325
2018-08-23 14:00:00,2018-08-23,0.6259307692307693,0.09061538461538461,0.058230769230769225,0.8513846153846154,0.8524883720930235,0.09011627906976744,0.057488372093023266,0.5557186046511627,,0.83965,0.4119142857142858,-0.024266666666666672,0.7753875,0.5682,0.8625428571428572,,0.040125,0.08114285714285716,0.07655555555555554,0.045500000000000006,0.067,0.03742857142857143,,0.08100000000000002,0.10757142857142858,0.09522222222222222,0.073875,0.07825,0.10185714285714285,,0.8791249999999999,0.8112857142857142,0.8281111111111111,0.8808750000000001,0.85475,0.860857142857143,,0.9797,0.9331499999999999,-0.2612333333333333,0.9966,0.9963,0.5462,,0.02,0.062,0.07933333333333334,0.042,0.0595,0.065,,0.085,0.0975,0.07833333333333332,0.09266666666666667,0.09,0.10250000000000001,,0.895,0.841,0.8423333333333334,0.866,0.8505,0.8325
2018-08-23 13:30:00,2018-08-23,0.5622454545454545,0.09036363636363635,0.060909090909090906,0.8490000000000001,0.8519024390243906,0.09002439024390245,0.058170731707317076,0.5352073170731707,,0.83965,0.3143833333333334,-0.1467125,0.7753875,0.5682,0.8625428571428572,,0.040125,0.08850000000000001,0.079875,0.045500000000000006,0.067,0.03742857142857143,,0.08100000000000002,0.11,0.09575,0.073875,0.07825,0.10185714285714285,,0.8791249999999999,0.8015,0.82425,0.8808750000000001,0.85475,0.860857142857143,,0.9797,0.8692,-0.8694999999999999,0.9966,0.9963,0.5462,,0.02,0.087,0.094,0.042,0.0595,0.065,,0.085,0.102,0.07200000000000001,0.09266666666666667,0.09,0.10250000000000001,,0.895,0.812,0.834,0.866,0.8505,0.8325
2018-08-23 13:00:00,2018-08-23,0.51876,0.0899,0.06269999999999999,0.8477,0.85165,0.08990000000000001,0.058550000000000005,0.5236600000000001,,0.83965,0.3143833333333334,-0.1467125,0.7753875,0.42523333333333335,0.8625428571428572,,0.040125,0.08850000000000001,0.079875,0.045500000000000006,0.07500000000000001,0.03742857142857143,,0.08100000000000002,0.11,0.09575,0.073875,0.07266666666666667,0.10185714285714285,,0.8791249999999999,0.8015,0.82425,0.8808750000000001,0.8523333333333333,0.860857142857143,,0.9797,0.8692,-0.8694999999999999,0.9966,0.9955,0.5462,,0.02,0.087,0.094,0.042,0.076,0.065,,0.085,0.102,0.07200000000000001,0.09266666666666667,0.085,0.10250000000000001,,0.895,0.812,0.834,0.866,0.8390000000000001,0.8325
2018-08-23 12:30:00,2018-08-23,0.46578888888888886,0.0871111111111111,0.06488888888888887,0.8483333333333334,0.8518974358974359,0.08925641025641025,0.058948717948717956,0.5115615384615385,,0.83965,0.3143833333333334,-0.1467125,0.7753875,0.42523333333333335,0.8403833333333334,,0.040125,0.08850000000000001,0.079875,0.045500000000000006,0.07500000000000001,0.0365,,0.08100000000000002,0.11,0.09575,0.073875,0.07266666666666667,0.09966666666666667,,0.8791249999999999,0.8015,0.82425,0.8808750000000001,0.8523333333333333,0.864,,0.9797,0.8692,-0.8694999999999999,0.9966,0.9955,0.0969,,0.02,0.087,0.094,0.042,0.076,0.087,,0.085,0.102,0.07200000000000001,0.09266666666666667,0.085,0.09,,0.895,0.812,0.834,0.866,0.8390000000000001,0.823
2018-08-23 12:00:00,2018-08-23,0.46578888888888886,0.0871111111111111,0.06488888888888887,0.8483333333333334,0.8518974358974359,0.08925641025641025,0.058948717948717956,0.5115615384615385,,0.83965,0.3143833333333334,-0.1467125,0.7753875,0.42523333333333335,0.8403833333333334,,0.040125,0.08850000000000001,0.079875,0.045500000000000006,0.07500000000000001,0.0365,,0.08100000000000002,0.11,0.09575,0.073875,0.07266666666666667,0.09966666666666667,,0.8791249999999999,0.8015,0.82425,0.8808750000000001,0.8523333333333333,0.864,,0.9797,0.8692,-0.8694999999999999,0.9966,0.9955,0.0969,,0.02,0.087,0.094,0.042,0.076,0.087,,0.085,0.102,0.07200000000000001,0.09266666666666667,0.085,0.09,,0.895,0.812,0.834,0.866,0.8390000000000001,0.823
2018-08-23 11:30:00,2018-08-23,0.46578888888888886,0.0871111111111111,0.06488888888888887,0.8483333333333334,0.8518974358974359,0.08925641025641025,0.058948717948717956,0.5115615384615385,,0.83965,0.3143833333333334,-0.1467125,0.7753875,0.42523333333333335,0.8403833333333334,,0.040125,0.08850000000000001,0.079875,0.045500000000000006,0.07500000000000001,0.0365,,0.08100000000000002,0.11,0.09575,0.073875,0.07266666666666667,0.09966666666666667,,0.8791249999999999,0.8015,0.82425,0.8808750000000001,0.8523333333333333,0.864,,0.9797,0.8692,-0.8694999999999999,0.9966,0.9955,0.0969,,0.02,0.087,0.094,0.042,0.076,0.087,,0.085,0.102,0.07200000000000001,0.09266666666666667,0.085,0.09,,0.895,0.812,0.834,0.866,0.8390000000000001,0.823
2018-08-23 11:00:00,2018-08-23,0.46578888888888886,0.0871111111111111,0.06488888888888887,0.8483333333333334,0.8518974358974359,0.08925641025641025,0.058948717948717956,0.5115615384615385,,0.83965,0.3143833333333334,-0.1467125,0.7753875,0.42523333333333335,0.8403833333333334,,0.040125,0.08850000000000001,0.079875,0.045500000000000006,0.07500000000000001,0.0365,,0.08100000000000002,0.11,0.09575,0.073875,0.07266666666666667,0.09966666666666667,,0.8791249999999999,0.8015,0.82425,0.8808750000000001,0.8523333333333333,0.864,,0.9797,0.8692,-0.8694999999999999,0.9966,0.9955,0.0969,,0.02,0.087,0.094,0.042,0.076,0.087,,0.085,0.102,0.07200000000000001,0.09266666666666667,0.085,0.09,,0.895,0.812,0.834,0.866,0.8390000000000001,0.823
2018-08-23 10:30:00,2018-08-23,0.6324375,0.08762500000000001,0.058750000000000004,0.854,0.853184210526316,0.08942105263157894,0.0575,0.5478500000000001,,0.83965,0.3143833333333334,-0.043757142857142876,0.7753875,0.42523333333333335,0.8403833333333334,,0.040125,0.08850000000000001,0.075,0.045500000000000006,0.07500000000000001,0.0365,,0.08100000000000002,0.11,0.09757142857142856,0.073875,0.07266666666666667,0.09966666666666667,,0.8791249999999999,0.8015,0.8272857142857142,0.8808750000000001,0.8523333333333333,0.864,,0.9797,0.8692,-0.8716,0.9966,0.9955,0.0969,,0.02,0.087,0.07400000000000001,0.042,0.076,0.087,,0.085,0.102,0.061,0.09266666666666667,0.085,0.09,,0.895,0.812,0.865,0.866,0.8390000000000001,0.823
2018-08-23 10:00:00,2018-08-23,0.6324375,0.08762500000000001,0.058750000000000004,0.854,0.853184210526316,0.08942105263157894,0.0575,0.5478500000000001,,0.83965,0.3143833333333334,-0.043757142857142876,0.7753875,0.42523333333333335,0.8403833333333334,,0.040125,0.08850000000000001,0.075,0.045500000000000006,0.07500000000000001,0.0365,,0.08100000000000002,0.11,0.09757142857142856,0.073875,0.07266666666666667,0.09966666666666667,,0.8791249999999999,0.8015,0.8272857142857142,0.8808750000000001,0.8523333333333333,0.864,,0.9797,0.8692,-0.8716,0.9966,0.9955,0.0969,,0.02,0.087,0.07400000000000001,0.042,0.076,0.087,,0.085,0.102,0.061,0.09266666666666667,0.085,0.09,,0.895,0.812,0.865,0.866,0.8390000000000001,0.823
2018-08-23 09:30:00,2018-08-23,0.8226,0.09250000000000001,0.05333333333333334,0.8546666666666668,0.85325,0.09033333333333332,0.05652777777777777,0.5748444444444444,,0.83965,0.3143833333333334,0.09421666666666663,0.7753875,0.1401,0.8403833333333334,,0.040125,0.08850000000000001,0.07516666666666667,0.045500000000000006,0.07450000000000001,0.0365,,0.08100000000000002,0.11,0.10366666666666667,0.073875,0.0665,0.09966666666666667,,0.8791249999999999,0.8015,0.8209999999999998,0.8808750000000001,0.859,0.864,,0.9797,0.8692,0.09421666666666663,0.9966,0.1401,0.0969,,0.02,0.087,0.07516666666666667,0.042,0.07450000000000001,0.087,,0.085,0.102,0.10366666666666667,0.09266666666666667,0.0665,0.09,,0.895,0.812,0.8209999999999998,0.866,0.859,0.823
2018-08-22 15:30:00,2018-08-22,0.5015333333333334,0.09126666666666666,0.05693333333333335,0.8518,0.8518,0.09126666666666668,0.05693333333333335,0.5015333333333334,,0.8125333333333332,0.9990000000000001,0.31042,0.42196666666666666,0.1401,0.9882,,0.032,0.039,0.0654,0.064,0.07450000000000001,0.051,,0.08666666666666667,0.145,0.10900000000000001,0.06366666666666666,0.0665,0.095,,0.8816666666666668,0.816,0.8253999999999999,0.8723333333333333,0.859,0.8540000000000001,,0.8125333333333332,0.9990000000000001,0.31042,0.42196666666666666,0.1401,0.9882,,0.032,0.039,0.0654,0.064,0.07450000000000001,0.051,,0.08666666666666667,0.145,0.10900000000000001,0.06366666666666666,0.0665,0.095,,0.8816666666666668,0.816,0.8253999999999999,0.8723333333333333,0.859,0.8540000000000001
2018-08-22 15:00:00,2018-08-22,0.5015333333333334,0.09126666666666666,0.05693333333333335,0.8518,0.8518,0.09126666666666668,0.05693333333333335,0.5015333333333334,,0.8125333333333332,0.9990000000000001,0.31042,0.42196666666666666,0.1401,0.9882,,0.032,0.039,0.0654,0.064,0.07450000000000001,0.051,,0.08666666666666667,0.145,0.10900000000000001,0.06366666666666666,0.0665,0.095,,0.8816666666666668,0.816,0.8253999999999999,0.8723333333333333,0.859,0.8540000000000001,,0.8125333333333332,0.9990000000000001,0.31042,0.42196666666666666,0.1401,0.9882,,0.032,0.039,0.0654,0.064,0.07450000000000001,0.051,,0.08666666666666667,0.145,0.10900000000000001,0.06366666666666666,0.0665,0.095,,0.8816666666666668,0.816,0.8253999999999999,0.8723333333333333,0.859,0.8540000000000001
2018-08-22 14:30:00,2018-08-22,0.4660000000000001,0.08742857142857142,0.05821428571428572,0.8543571428571427,0.8543571428571427,0.08742857142857144,0.05821428571428572,0.4660000000000001,,0.8125333333333332,,0.31042,0.42196666666666666,0.1401,0.9882,,0.032,,0.0654,0.064,0.07450000000000001,0.051,,0.08666666666666667,,0.10900000000000001,0.06366666666666666,0.0665,0.095,,0.8816666666666668,,0.8253999999999999,0.8723333333333333,0.859,0.8540000000000001,,0.8125333333333332,,0.31042,0.42196666666666666,0.1401,0.9882,,0.032,,0.0654,0.064,0.07450000000000001,0.051,,0.08666666666666667,,0.10900000000000001,0.06366666666666666,0.0665,0.095,,0.8816666666666668,,0.8253999999999999,0.8723333333333333,0.859,0.8540000000000001
2018-08-22 14:00:00,2018-08-22,0.4660000000000001,0.08742857142857142,0.05821428571428572,0.8543571428571427,0.8543571428571427,0.08742857142857144,0.05821428571428572,0.4660000000000001,,0.8125333333333332,,0.31042,0.42196666666666666,0.1401,0.9882,,0.032,,0.0654,0.064,0.07450000000000001,0.051,,0.08666666666666667,,0.10900000000000001,0.06366666666666666,0.0665,0.095,,0.8816666666666668,,0.8253999999999999,0.8723333333333333,0.859,0.8540000000000001,,0.8125333333333332,,0.31042,0.42196666666666666,0.1401,0.9882,,0.032,,0.0654,0.064,0.07450000000000001,0.051,,0.08666666666666667,,0.10900000000000001,0.06366666666666666,0.0665,0.095,,0.8816666666666668,,0.8253999999999999,0.8723333333333333,0.859,0.8540000000000001
2018-08-22 13:30:00,2018-08-22,0.5115583333333333,0.08700000000000001,0.06058333333333334,0.8524166666666666,0.8524166666666666,0.08700000000000002,0.06058333333333335,0.5115583333333333,,0.7239,,0.31042,0.42196666666666666,0.8847,0.9882,,0.036500000000000005,,0.0654,0.064,0.084,0.051,,0.0625,,0.10900000000000001,0.06366666666666666,0.08800000000000001,0.095,,0.9015,,0.8253999999999999,0.8723333333333333,0.828,0.8540000000000001,,0.7239,,0.31042,0.42196666666666666,0.8847,0.9882,,0.036500000000000005,,0.0654,0.064,0.084,0.051,,0.0625,,0.10900000000000001,0.06366666666666666,0.08800000000000001,0.095,,0.9015,,0.8253999999999999,0.8723333333333333,0.828,0.8540000000000001
2018-08-22 13:00:00,2018-08-22,0.5115583333333333,0.08700000000000001,0.06058333333333334,0.8524166666666666,0.8524166666666666,0.08700000000000002,0.06058333333333335,0.5115583333333333,,0.7239,,0.31042,0.42196666666666666,0.8847,0.9882,,0.036500000000000005,,0.0654,0.064,0.084,0.051,,0.0625,,0.10900000000000001,0.06366666666666666,0.08800000000000001,0.095,,0.9015,,0.8253999999999999,0.8723333333333333,0.828,0.8540000000000001,,0.7239,,0.31042,0.42196666666666666,0.8847,0.9882,,0.036500000000000005,,0.0654,0.064,0.084,0.051,,0.0625,,0.10900000000000001,0.06366666666666666,0.08800000000000001,0.095,,0.9015,,0.8253999999999999,0.8723333333333333,0.828,0.8540000000000001
2018-08-22 12:30:00,2018-08-22,0.5115583333333333,0.08700000000000001,0.06058333333333334,0.8524166666666666,0.8524166666666666,0.08700000000000002,0.06058333333333335,0.5115583333333333,,0.7239,,0.31042,0.42196666666666666,0.8847,0.9882,,0.036500000000000005,,0.0654,0.064,0.084,0.051,,0.0625,,0.10900000000000001,0.06366666666666666,0.08800000000000001,0.095,,0.9015,,0.8253999999999999,0.8723333333333333,0.828,0.8540000000000001,,0.7239,,0.31042,0.42196666666666666,0.8847,0.9882,,0.036500000000000005,,0.0654,0.064,0.084,0.051,,0.0625,,0.10900000000000001,0.06366666666666666,0.08800000000000001,0.095,,0.9015,,0.8253999999999999,0.8723333333333333,0.828,0.8540000000000001
2018-08-22 12:00:00,2018-08-22,0.5115583333333333,0.08700000000000001,0.06058333333333334,0.8524166666666666,0.8524166666666666,0.08700000000000002,0.06058333333333335,0.5115583333333333,,0.7239,,0.31042,0.42196666666666666,0.8847,0.9882,,0.036500000000000005,,0.0654,0.064,0.084,0.051,,0.0625,,0.10900000000000001,0.06366666666666666,0.08800000000000001,0.095,,0.9015,,0.8253999999999999,0.8723333333333333,0.828,0.8540000000000001,,0.7239,,0.31042,0.42196666666666666,0.8847,0.9882,,0.036500000000000005,,0.0654,0.064,0.084,0.051,,0.0625,,0.10900000000000001,0.06366666666666666,0.08800000000000001,0.095,,0.9015,,0.8253999999999999,0.8723333333333333,0.828,0.8540000000000001
2018-08-22 11:30:00,2018-08-22,0.49023636363636364,0.08890909090909092,0.060727272727272734,0.8503636363636363,0.8503636363636363,0.08890909090909092,0.06072727272727274,0.49023636363636364,,0.7239,,0.31042,0.2599,0.8847,0.9882,,0.036500000000000005,,0.0654,0.0665,0.084,0.051,,0.0625,,0.10900000000000001,0.0625,0.08800000000000001,0.095,,0.9015,,0.8253999999999999,0.871,0.828,0.8540000000000001,,0.7239,,0.31042,0.2599,0.8847,0.9882,,0.036500000000000005,,0.0654,0.0665,0.084,0.051,,0.0625,,0.10900000000000001,0.0625,0.08800000000000001,0.095,,0.9015,,0.8253999999999999,0.871,0.828,0.8540000000000001
2018-08-22 11:00:00,2018-08-22,0.56189,0.0919,0.059399999999999994,0.8487,0.8487,0.09190000000000001,0.05940000000000001,0.56189,,0.7239,,0.31042,0.7461,0.8847,0.9882,,0.036500000000000005,,0.0654,0.059000000000000004,0.084,0.051,,0.0625,,0.10900000000000001,0.066,0.08800000000000001,0.095,,0.9015,,0.8253999999999999,0.875,0.828,0.8540000000000001,,0.7239,,0.31042,0.7461,0.8847,0.9882,,0.036500000000000005,,0.0654,0.059000000000000004,0.084,0.051,,0.0625,,0.10900000000000001,0.066,0.08800000000000001,0.095,,0.9015,,0.8253999999999999,0.875,0.828,0.8540000000000001
2018-08-22 10:30:00,2018-08-22,0.5191222222222223,0.081,0.05633333333333333,0.8627777777777779,0.8627777777777779,0.081,0.05633333333333333,0.5191222222222223,,0.7239,,0.151325,0.7461,0.8847,0.9882,,0.036500000000000005,,0.06,0.059000000000000004,0.084,0.051,,0.0625,,0.08875000000000001,0.066,0.08800000000000001,0.095,,0.9015,,0.8512500000000001,0.875,0.828,0.8540000000000001,,0.7239,,0.151325,0.7461,0.8847,0.9882,,0.036500000000000005,,0.06,0.059000000000000004,0.084,0.051,,0.0625,,0.08875000000000001,0.066,0.08800000000000001,0.095,,0.9015,,0.8512500000000001,0.875,0.828,0.8540000000000001
2018-08-22 10:00:00,2018-08-22,0.7068875000000001,0.078125,0.04925,0.87275,0.8727499999999999,0.078125,0.04925,0.7068875,,0.7239,,0.5294333333333333,0.7461,0.8847,0.9882,,0.036500000000000005,,0.042333333333333334,0.059000000000000004,0.084,0.051,,0.0625,,0.08366666666666667,0.066,0.08800000000000001,0.095,,0.9015,,0.874,0.875,0.828,0.8540000000000001,,0.7239,,0.5294333333333333,0.7461,0.8847,0.9882,,0.036500000000000005,,0.042333333333333334,0.059000000000000004,0.084,0.051,,0.0625,,0.08366666666666667,0.066,0.08800000000000001,0.095,,0.9015,,0.874,0.875,0.828,0.8540000000000001
2018-08-22 09:30:00,2018-08-22,0.7423285714285716,0.08228571428571428,0.051000000000000004,0.8668571428571429,0.8668571428571429,0.08228571428571428,0.051000000000000004,0.7423285714285716,,0.9890000000000001,,0.5294333333333333,0.7461,0.8847,0.9882,,0.036000000000000004,,0.042333333333333334,0.059000000000000004,0.084,0.051,,0.076,,0.08366666666666667,0.066,0.08800000000000001,0.095,,0.889,,0.874,0.875,0.828,0.8540000000000001,,0.9890000000000001,,0.5294333333333333,0.7461,0.8847,0.9882,,0.036000000000000004,,0.042333333333333334,0.059000000000000004,0.084,0.051,,0.076,,0.08366666666666667,0.066,0.08800000000000001,0.095,,0.889,,0.874,0.875,0.828,0.8540000000000001
2018-08-21 15:30:00,2018-08-21,,,,,,,,,,,,,,,,,,,,,,,,,,,,,,,,,,,,,,,,,,,,,,,,,,,,,,,,,,,,,,,,
2018-08-21 15:00:00,2018-08-21,,,,,,,,,,,,,,,,,,,,,,,,,,,,,,,,,,,,,,,,,,,,,,,,,,,,,,,,,,,,,,,,
2018-08-21 14:30:00,2018-08-21,,,,,,,,,,,,,,,,,,,,,,,,,,,,,,,,,,,,,,,,,,,,,,,,,,,,,,,,,,,,,,,,
2018-08-21 14:00:00,2018-08-21,,,,,,,,,,,,,,,,,,,,,,,,,,,,,,,,,,,,,,,,,,,,,,,,,,,,,,,,,,,,,,,,
2018-08-21 13:30:00,2018-08-21,,,,,,,,,,,,,,,,,,,,,,,,,,,,,,,,,,,,,,,,,,,,,,,,,,,,,,,,,,,,,,,,
2018-08-21 13:00:00,2018-08-21,,,,,,,,,,,,,,,,,,,,,,,,,,,,,,,,,,,,,,,,,,,,,,,,,,,,,,,,,,,,,,,,
2018-08-21 12:30:00,2018-08-21,,,,,,,,,,,,,,,,,,,,,,,,,,,,,,,,,,,,,,,,,,,,,,,,,,,,,,,,,,,,,,,,
2018-08-21 12:00:00,2018-08-21,,,,,,,,,,,,,,,,,,,,,,,,,,,,,,,,,,,,,,,,,,,,,,,,,,,,,,,,,,,,,,,,
2018-08-21 11:30:00,2018-08-21,,,,,,,,,,,,,,,,,,,,,,,,,,,,,,,,,,,,,,,,,,,,,,,,,,,,,,,,,,,,,,,,
2018-08-21 11:00:00,2018-08-21,,,,,,,,,,,,,,,,,,,,,,,,,,,,,,,,,,,,,,,,,,,,,,,,,,,,,,,,,,,,,,,,
