,1. open,2. high,3. low,4. close,5. volume,increase_decrease,up_down,movement(%),MACD_Hist,MACD,MACD_Signal,SlowK,SlowD,RSI,ADX,CCI,Aroon Up,Aroon Down,Real Middle Band,Real Upper Band,Real Lower Band,Chaikin A/D,OBV,sentiment_avg_30,"coun_neg, 30","coun_neu, 30","coun_pos, 30",sentiment_avg_60,"coun_neg, 60","coun_neu, 60","coun_pos, 60",sentiment_avg_120,"coun_neg, 120","coun_neu, 120","coun_pos, 120",sentiment_night_before_avg,"count_neg, night_before","count_neu, night_before","count_pos, night_before",sentiment_morning_avg,"count_neg, morning","count_neu, morning","count_pos, morning",day,day compound avg,day positive avg,day negative avg,day neutral avg,two day neutral avg,two day positive avg,two day negative avg,two day compound avg,two day wired compound avg,two day nbc-news compound avg,two day abc-news compound avg,two day reuters compound avg,two day business-insider compound avg,two day the-new-york-times compound avg,two day techcrunch compound avg,two day wired neg avg,two day nbc-news neg avg,two day abc-news neg avg,two day reuters neg avg,two day business-insider neg avg,two day the-new-york-times neg avg,two day techcrunch neg avg,two day wired pos avg,two day nbc-news pos avg,two day abc-news pos avg,two day reuters pos avg,two day business-insider pos avg,two day the-new-york-times pos avg,two day techcrunch pos avg,two day wired neu avg,two day nbc-news neu avg,two day abc-news neu avg,two day reuters neu avg,two day business-insider neu avg,two day the-new-york-times neu avg,two day techcrunch neu avg,one day wired compound avg,one day nbc-news compound avg,one day abc-news compound avg,one day reuters compound avg,one day business-insider compound avg,one day the-new-york-times compound avg,one day techcrunch compound avg,one day wired neg avg,one day nbc-news neg avg,one day abc-news neg avg,one day reuters neg avg,one day business-insider neg avg,one day the-new-york-times neg avg,one day techcrunch neg avg,one day wired pos avg,one day nbc-news pos avg,one day abc-news pos avg,one day reuters pos avg,one day business-insider pos avg,one day the-new-york-times pos avg,one day techcrunch pos avg,one day wired neu avg,one day nbc-news neu avg,one day abc-news neu avg,one day reuters neu avg,one day business-insider neu avg,one day the-new-york-times neu avg,one day techcrunch neu avg,company
2018-08-24 09:30:00,173.615,174.16,172.93,173.23,2305318,-0.3850000000000193,0,-0.22,-0.1556,0.0477,0.2032,10.5158,12.1002,31.3701,35.4933,-21.1838,0.0,75.0,173.38,174.1221,172.6378,-62787066.1668,-46772482.0,0.035427723259477774,22.41666666666667,29.83333333333333,27.83333333333333,0.03791832349573048,20.700757575757574,28.40151515151515,26.219696969696965,0.027197425495271453,20.325520833333336,27.088541666666664,24.432291666666664,0.025446920980926425,487,761,587,0.043306223175965684,120,183,163,2018-08-24,-0.9825,0.087,0.096,0.8170000000000001,0.8546875,0.0775625,0.0678125,0.16644062499999998,0.9963,-0.2886666666666667,-0.2993166666666667,0.30255000000000004,0.07756666666666666,0.1407,0.7528,0.0595,0.06466666666666666,0.09300000000000001,0.06316666666666666,0.05466666666666668,0.0776,0.051,0.09,0.05633333333333334,0.068,0.06766666666666668,0.08016666666666668,0.0902,0.09675,0.8505,0.8786666666666667,0.8390000000000001,0.8694999999999999,0.8651666666666668,0.8324,0.8522500000000001,0.5682,-0.2886666666666667,-0.10255000000000004,0.4726050000000001,0.4486047619047619,-0.9825,0.8709399999999999,0.067,0.06466666666666666,0.08408333333333334,0.05538333333333333,0.04883333333333334,0.096,0.0387,0.07825,0.05633333333333334,0.08583333333333333,0.06513333333333335,0.08029761904761905,0.087,0.099175,0.85475,0.8786666666666667,0.8299999999999998,0.8796499999999999,0.8710119047619049,0.8170000000000001,0.862225,Facebook
2018-08-24 10:00:00,173.2,174.0836,173.2,174.06,1300299,0.8600000000000136,1,0.49,-0.1073,0.0691,0.1764,37.1704,19.8981,62.6167,27.6632,88.9973,0.0,50.0,173.4125,174.253,172.572,-61556241.5916,-45472183.0,0.10026595744680852,11.0,22.0,14.0,0.03791832349573048,20.700757575757574,28.40151515151515,26.219696969696965,0.027197425495271453,20.325520833333336,27.088541666666664,24.432291666666664,0.025446920980926425,487,761,587,0.043306223175965684,120,183,163,2018-08-24,-0.9825,0.087,0.096,0.8170000000000001,0.8546875,0.0775625,0.0678125,0.16644062499999998,0.9963,-0.2886666666666667,-0.2993166666666667,0.30255000000000004,0.07756666666666666,0.1407,0.7528,0.0595,0.06466666666666666,0.09300000000000001,0.06316666666666666,0.05466666666666668,0.0776,0.051,0.09,0.05633333333333334,0.068,0.06766666666666668,0.08016666666666668,0.0902,0.09675,0.8505,0.8786666666666667,0.8390000000000001,0.8694999999999999,0.8651666666666668,0.8324,0.8522500000000001,0.5682,-0.2886666666666667,-0.10255000000000004,0.4726050000000001,0.4486047619047619,-0.9825,0.8709399999999999,0.067,0.06466666666666666,0.08408333333333334,0.05538333333333333,0.04883333333333334,0.096,0.0387,0.07825,0.05633333333333334,0.08583333333333333,0.06513333333333335,0.08029761904761905,0.087,0.099175,0.85475,0.8786666666666667,0.8299999999999998,0.8796499999999999,0.8710119047619049,0.8170000000000001,0.862225,Facebook
2018-08-24 10:30:00,174.09900000000002,174.7584,173.99,174.45,1409841,0.3509999999999991,1,0.2,-0.0481,0.1163,0.1644,63.6489,37.1117,70.9134,30.9636,116.3069,100.0,25.0,173.6625,174.9,172.425,-61278125.6927,-44062342.0,-0.049443243243243264,13.0,12.0,12.0,0.06784684035314315,16.708333333333336,25.916666666666664,20.916666666666664,0.027197425495271453,20.325520833333336,27.088541666666664,24.432291666666664,0.025446920980926425,487,761,587,0.043306223175965684,120,183,163,2018-08-24,-0.9825,0.087,0.096,0.8170000000000001,0.8546875,0.0775625,0.0678125,0.16644062499999998,0.9963,-0.2886666666666667,-0.2993166666666667,0.30255000000000004,0.07756666666666666,0.1407,0.7528,0.0595,0.06466666666666666,0.09300000000000001,0.06316666666666666,0.05466666666666668,0.0776,0.051,0.09,0.05633333333333334,0.068,0.06766666666666668,0.08016666666666668,0.0902,0.09675,0.8505,0.8786666666666667,0.8390000000000001,0.8694999999999999,0.8651666666666668,0.8324,0.8522500000000001,0.5682,-0.2886666666666667,-0.10255000000000004,0.4726050000000001,0.4486047619047619,-0.9825,0.8709399999999999,0.067,0.06466666666666666,0.08408333333333334,0.05538333333333333,0.04883333333333334,0.096,0.0387,0.07825,0.05633333333333334,0.08583333333333333,0.06513333333333335,0.08029761904761905,0.087,0.099175,0.85475,0.8786666666666667,0.8299999999999998,0.8796499999999999,0.8710119047619049,0.8170000000000001,0.862225,Facebook
2018-08-24 11:00:00,174.46,174.57,174.0,174.26,923714,-0.20000000000001705,0,-0.11,-0.0221,0.1367,0.1589,80.2369,60.3521,61.9782,33.4389,55.4128,75.0,0.0,174.0,174.9309,173.0691,-61359181.8674,-44986056.0,0.026784745762711868,17.0,19.0,23.0,0.02541135710178263,12.000000000000002,17.0,12.999999999999998,0.027197425495271453,20.325520833333336,27.088541666666664,24.432291666666664,0.025446920980926425,487,761,587,0.043306223175965684,120,183,163,2018-08-24,-0.9825,0.087,0.096,0.8170000000000001,0.8546875,0.0775625,0.0678125,0.16644062499999998,0.9963,-0.2886666666666667,-0.2993166666666667,0.30255000000000004,0.07756666666666666,0.1407,0.7528,0.0595,0.06466666666666666,0.09300000000000001,0.06316666666666666,0.05466666666666668,0.0776,0.051,0.09,0.05633333333333334,0.068,0.06766666666666668,0.08016666666666668,0.0902,0.09675,0.8505,0.8786666666666667,0.8390000000000001,0.8694999999999999,0.8651666666666668,0.8324,0.8522500000000001,0.5682,-0.2886666666666667,-0.10255000000000004,0.4726050000000001,0.4486047619047619,-0.9825,0.8709399999999999,0.067,0.06466666666666666,0.08408333333333334,0.05538333333333333,0.04883333333333334,0.096,0.0387,0.07825,0.05633333333333334,0.08583333333333333,0.06513333333333335,0.08029761904761905,0.087,0.099175,0.85475,0.8786666666666667,0.8299999999999998,0.8796499999999999,0.8710119047619049,0.8170000000000001,0.862225,Facebook
2018-08-24 11:30:00,174.2715,174.435,174.03,174.27,671200,-0.0014999999999929516,0,-0.0,-0.0055,0.152,0.1575,77.1498,73.6785,62.3118,35.2953,23.4681,50.0,0.0,174.26,174.53599999999997,173.984,-61234864.9678,-44314856.0,-0.007878431372549016,15.0,19.0,17.0,-0.011329248740265696,15.0,15.5,17.5,0.028258795806438725,15.854166666666668,20.70833333333333,19.20833333333333,0.025446920980926425,487,761,587,0.043306223175965684,120,183,163,2018-08-24,-0.9825,0.087,0.096,0.8170000000000001,0.8546875,0.0775625,0.0678125,0.16644062499999998,0.9963,-0.2886666666666667,-0.2993166666666667,0.30255000000000004,0.07756666666666666,0.1407,0.7528,0.0595,0.06466666666666666,0.09300000000000001,0.06316666666666666,0.05466666666666668,0.0776,0.051,0.09,0.05633333333333334,0.068,0.06766666666666668,0.08016666666666668,0.0902,0.09675,0.8505,0.8786666666666667,0.8390000000000001,0.8694999999999999,0.8651666666666668,0.8324,0.8522500000000001,0.5682,-0.2886666666666667,-0.10255000000000004,0.4726050000000001,0.4486047619047619,-0.9825,0.8709399999999999,0.067,0.06466666666666666,0.08408333333333334,0.05538333333333333,0.04883333333333334,0.096,0.0387,0.07825,0.05633333333333334,0.08583333333333333,0.06513333333333335,0.08029761904761905,0.087,0.099175,0.85475,0.8786666666666667,0.8299999999999998,0.8796499999999999,0.8710119047619049,0.8170000000000001,0.862225,Facebook
2018-08-24 12:00:00,174.26,174.31,173.97,174.0,509128,-0.2599999999999909,0,-0.15,-0.0134,0.1407,0.1541,66.2589,74.5485,47.3665,33.7468,-126.5307,25.0,0.0,174.245,174.5658,173.9242,-61654149.5392,-44823984.0,0.058451612903225814,16.0,19.0,27.0,0.009453157195081423,16.0,19.0,20.0,0.01743225714843203,14.0,18.0,16.5,0.025446920980926425,487,761,587,0.043306223175965684,120,183,163,2018-08-24,-0.9725,0.0615,0.094,0.8440000000000001,0.8551818181818179,0.0763030303030303,0.06854545454545455,0.13223030303030306,0.9963,-0.2886666666666667,-0.2993166666666667,0.12182857142857142,0.07756666666666666,0.1407,0.7528,0.0595,0.06466666666666666,0.09300000000000001,0.06728571428571427,0.05466666666666668,0.0776,0.051,0.09,0.05633333333333334,0.068,0.06314285714285714,0.08016666666666668,0.0902,0.09675,0.8505,0.8786666666666667,0.8390000000000001,0.8697142857142856,0.8651666666666668,0.8324,0.8522500000000001,0.5682,-0.2886666666666667,-0.10255000000000004,-0.9625,0.4486047619047619,-0.9825,0.8709399999999999,0.067,0.06466666666666666,0.08408333333333334,0.092,0.04883333333333334,0.096,0.0387,0.07825,0.05633333333333334,0.08583333333333333,0.036000000000000004,0.08029761904761905,0.087,0.099175,0.85475,0.8786666666666667,0.8299999999999998,0.871,0.8710119047619049,0.8170000000000001,0.862225,Facebook
2018-08-24 12:30:00,173.99,174.0056,173.69,173.75,648572,-0.2400000000000091,0,-0.14,-0.0351,0.1103,0.1454,43.4128,62.2738,36.5453,29.071,-127.1499,0.0,100.0,174.07,174.4983,173.6417,-62056124.3227,-45472556.0,-0.01429126213592234,32.0,44.0,27.0,0.02528659076533839,15.5,19.0,22.0,0.0069786710125363536,15.25,17.25,19.75,0.025446920980926425,487,761,587,0.043306223175965684,120,183,163,2018-08-24,-0.9691666666666668,0.053,0.09333333333333334,0.8530000000000001,0.8556470588235293,0.07511764705882354,0.06923529411764708,0.10003235294117646,0.9963,-0.2886666666666667,-0.2993166666666667,-0.013712499999999987,0.07756666666666666,0.1407,0.7528,0.0595,0.06466666666666666,0.09300000000000001,0.070375,0.05466666666666668,0.0776,0.051,0.09,0.05633333333333334,0.068,0.05975000000000001,0.08016666666666668,0.0902,0.09675,0.8505,0.8786666666666667,0.8390000000000001,0.869875,0.8651666666666668,0.8324,0.8522500000000001,0.5682,-0.2886666666666667,-0.10255000000000004,-0.9625,0.4486047619047619,-0.9825,0.8709399999999999,0.067,0.06466666666666666,0.08408333333333334,0.092,0.04883333333333334,0.096,0.0387,0.07825,0.05633333333333334,0.08583333333333333,0.036000000000000004,0.08029761904761905,0.087,0.099175,0.85475,0.8786666666666667,0.8299999999999998,0.871,0.8710119047619049,0.8170000000000001,0.862225,Facebook
2018-08-24 13:00:00,173.76,174.0177,173.58,173.9841,640508,0.22410000000002128,1,0.13,-0.0332,0.1039,0.1371,32.5893,47.4203,50.628,28.7904,-57.53,0.0,100.0,174.00099999999995,174.3693,173.6327,-61513953.3347,-44832048.0,0.05484878048780485,22.0,35.0,25.0,0.022080175383651732,24.0,31.5,27.0,0.01576666628936658,20.0,25.25,23.5,0.025446920980926425,487,761,587,0.043306223175965684,120,183,163,2018-08-24,-0.9728,0.054000000000000006,0.10774999999999996,0.83775,0.8538285714285715,0.0746,0.07157142857142858,0.06906857142857142,0.9963,-0.2886666666666667,-0.3970857142857143,-0.013712499999999987,0.07756666666666666,0.1407,0.7528,0.0595,0.06466666666666666,0.1012857142857143,0.070375,0.05466666666666668,0.0776,0.051,0.09,0.05633333333333334,0.06642857142857142,0.05975000000000001,0.08016666666666668,0.0902,0.09675,0.8505,0.8786666666666667,0.8322857142857144,0.869875,0.8651666666666668,0.8324,0.8522500000000001,0.5682,-0.2886666666666667,-0.9837,-0.9625,0.4486047619047619,-0.9825,0.8709399999999999,0.067,0.06466666666666666,0.151,0.092,0.04883333333333334,0.096,0.0387,0.07825,0.05633333333333334,0.057,0.036000000000000004,0.08029761904761905,0.087,0.099175,0.85475,0.8786666666666667,0.792,0.871,0.8710119047619049,0.8170000000000001,0.862225,Facebook
2018-08-24 13:30:00,173.99,173.99,173.65,173.755,558066,-0.23500000000001364,0,-0.14,-0.0461,0.0794,0.1255,22.3006,32.7676,39.2591,28.58,-61.9014,0.0,75.0,173.8723,174.1121,173.6324,-61727307.2014,-45390114.0,0.036390625,27.0,33.0,36.0,0.02027875917594125,27.0,39.5,26.0,0.022782674970639828,21.25,29.25,24.0,0.025446920980926425,487,761,587,0.043306223175965684,120,183,163,2018-08-24,-0.57924,0.06359999999999999,0.0966,0.8394,0.8536111111111111,0.07536111111111111,0.07102777777777779,0.09478888888888888,0.9963,-0.2886666666666667,-0.3970857142857143,-0.013712499999999987,0.07756666666666666,0.2830833333333333,0.7528,0.0595,0.06466666666666666,0.1012857142857143,0.070375,0.05466666666666668,0.07333333333333332,0.051,0.09,0.05633333333333334,0.06642857142857142,0.05975000000000001,0.08016666666666668,0.09216666666666667,0.09675,0.8505,0.8786666666666667,0.8322857142857144,0.869875,0.8651666666666668,0.8346666666666667,0.8522500000000001,0.5682,-0.2886666666666667,-0.9837,-0.9625,0.4486047619047619,0.006249999999999978,0.8709399999999999,0.067,0.06466666666666666,0.151,0.092,0.04883333333333334,0.07400000000000001,0.0387,0.07825,0.05633333333333334,0.057,0.036000000000000004,0.08029761904761905,0.0945,0.099175,0.85475,0.8786666666666667,0.792,0.871,0.8710119047619049,0.8315,0.862225,Facebook
2018-08-24 14:00:00,173.73,174.27,173.66,174.2537,608161,0.5237000000000194,1,0.3,-0.0211,0.0991,0.1202,51.191,35.3603,63.2262,27.4785,133.3333,0.0,50.0,173.9357,174.3487,173.5227,-61151671.1077,-44781953.0,0.04791869158878504,29.0,42.0,36.0,0.04561970274390242,24.5,34.0,30.5,0.03384993906377708,24.25,32.75,28.75,0.025446920980926425,487,761,587,0.043306223175965684,120,183,163,2018-08-24,-0.57924,0.06359999999999999,0.0966,0.8394,0.8536111111111111,0.07536111111111111,0.07102777777777779,0.09478888888888888,0.9963,-0.2886666666666667,-0.3970857142857143,-0.013712499999999987,0.07756666666666666,0.2830833333333333,0.7528,0.0595,0.06466666666666666,0.1012857142857143,0.070375,0.05466666666666668,0.07333333333333332,0.051,0.09,0.05633333333333334,0.06642857142857142,0.05975000000000001,0.08016666666666668,0.09216666666666667,0.09675,0.8505,0.8786666666666667,0.8322857142857144,0.869875,0.8651666666666668,0.8346666666666667,0.8522500000000001,0.5682,-0.2886666666666667,-0.9837,-0.9625,0.4486047619047619,0.006249999999999978,0.8709399999999999,0.067,0.06466666666666666,0.151,0.092,0.04883333333333334,0.07400000000000001,0.0387,0.07825,0.05633333333333334,0.057,0.036000000000000004,0.08029761904761905,0.0945,0.099175,0.85475,0.8786666666666667,0.792,0.871,0.8710119047619049,0.8315,0.862225,Facebook
2018-08-24 14:30:00,174.24,174.62,174.11,174.51,873657,0.2699999999999818,1,0.15,0.0109,0.1339,0.123,67.3927,46.9614,71.0532,34.3181,124.225,100.0,25.0,174.1257,174.6927,173.5587,-60654891.9039,-43908296.0,0.10601666666666668,20.0,30.0,34.0,0.04215465829439252,28.0,37.5,36.0,0.03121670873516689,27.5,38.5,31.0,0.025446920980926425,487,761,587,0.043306223175965684,120,183,163,2018-08-24,-0.57924,0.06359999999999999,0.0966,0.8394,0.8536111111111111,0.07536111111111111,0.07102777777777779,0.09478888888888888,0.9963,-0.2886666666666667,-0.3970857142857143,-0.013712499999999987,0.07756666666666666,0.2830833333333333,0.7528,0.0595,0.06466666666666666,0.1012857142857143,0.070375,0.05466666666666668,0.07333333333333332,0.051,0.09,0.05633333333333334,0.06642857142857142,0.05975000000000001,0.08016666666666668,0.09216666666666667,0.09675,0.8505,0.8786666666666667,0.8322857142857144,0.869875,0.8651666666666668,0.8346666666666667,0.8522500000000001,0.5682,-0.2886666666666667,-0.9837,-0.9625,0.4486047619047619,0.006249999999999978,0.8709399999999999,0.067,0.06466666666666666,0.151,0.092,0.04883333333333334,0.07400000000000001,0.0387,0.07825,0.05633333333333334,0.057,0.036000000000000004,0.08029761904761905,0.0945,0.099175,0.85475,0.8786666666666667,0.792,0.871,0.8710119047619049,0.8315,0.862225,Facebook
2018-08-24 15:00:00,174.52,174.62,174.36,174.53,865666,0.009999999999990905,1,0.01,0.0305,0.1611,0.1306,91.0188,69.8675,71.6805,39.4479,78.0187,100.0,0.0,174.2622,174.887,173.6373,-60388521.4108,-43042630.0,0.08064710743801655,29.0,45.0,47.0,0.07696767912772585,24.5,36.0,35.0,0.06129369093581414,24.5,35.0,32.75,0.025446920980926425,487,761,587,0.043306223175965684,120,183,163,2018-08-24,-0.6431166666666667,0.059,0.09583333333333333,0.8446666666666666,0.8540810810810808,0.0742972972972973,0.07159459459459462,0.06621351351351352,0.9963,-0.2886666666666667,-0.3970857142857143,-0.11913333333333327,0.07756666666666666,0.2830833333333333,0.7528,0.0595,0.06466666666666666,0.1012857142857143,0.07277777777777777,0.05466666666666668,0.07333333333333332,0.051,0.09,0.05633333333333334,0.06642857142857142,0.05711111111111111,0.08016666666666668,0.09216666666666667,0.09675,0.8505,0.8786666666666667,0.8322857142857144,0.8699999999999999,0.8651666666666668,0.8346666666666667,0.8522500000000001,0.5682,-0.2886666666666667,-0.9837,-0.9625,0.4486047619047619,0.006249999999999978,0.8709399999999999,0.067,0.06466666666666666,0.151,0.092,0.04883333333333334,0.07400000000000001,0.0387,0.07825,0.05633333333333334,0.057,0.036000000000000004,0.08029761904761905,0.0945,0.099175,0.85475,0.8786666666666667,0.792,0.871,0.8710119047619049,0.8315,0.862225,Facebook
2018-08-24 15:30:00,174.5475,174.81,174.38,174.66,1904005,0.11249999999998296,1,0.06,0.0484,0.1911,0.1427,89.2796,82.5637,76.1574,46.4647,86.1581,100.0,0.0,174.4884,174.7829,174.1939,-59812860.5701,-41138625.0,-0.014578571428571437,38.0,38.0,36.0,0.0933318870523416,24.5,37.5,40.5,0.027197425495271453,20.325520833333336,27.088541666666664,24.432291666666664,0.025446920980926425,487,761,587,0.043306223175965684,120,183,163,2018-08-24,-0.6431166666666667,0.059,0.09583333333333333,0.8446666666666666,0.8540810810810808,0.0742972972972973,0.07159459459459462,0.06621351351351352,0.9963,-0.2886666666666667,-0.3970857142857143,-0.11913333333333327,0.07756666666666666,0.2830833333333333,0.7528,0.0595,0.06466666666666666,0.1012857142857143,0.07277777777777777,0.05466666666666668,0.07333333333333332,0.051,0.09,0.05633333333333334,0.06642857142857142,0.05711111111111111,0.08016666666666668,0.09216666666666667,0.09675,0.8505,0.8786666666666667,0.8322857142857144,0.8699999999999999,0.8651666666666668,0.8346666666666667,0.8522500000000001,0.5682,-0.2886666666666667,-0.9837,-0.9625,0.4486047619047619,0.006249999999999978,0.8709399999999999,0.067,0.06466666666666666,0.151,0.092,0.04883333333333334,0.07400000000000001,0.0387,0.07825,0.05633333333333334,0.057,0.036000000000000004,0.08029761904761905,0.0945,0.099175,0.85475,0.8786666666666667,0.792,0.871,0.8710119047619049,0.8315,0.862225,Facebook
2018-08-27 09:30:00,175.85,177.62,175.8,177.5285,3402155,1.678500000000014,1,0.95,0.2388,0.4412,0.2024,92.0352,90.7779,95.7807,58.6059,133.3333,100.0,0.0,175.3071,177.8747,172.7395,-56752760.843,-37736470.0,0.015494488696019729,12.75,15.5,15.666666666666664,0.0070482541629831846,12.215909090909092,14.886363636363635,14.484848484848484,0.004289109104951253,11.2734375,14.203125,13.520833333333332,0.04319388888888887,202,253,265,0.03806851851851855,161,222,211,2018-08-27,-0.9985,0.05166666666666666,0.1396666666666667,0.8086666666666668,0.8130000000000001,0.0815,0.10533333333333336,-0.3002500000000001,0.998,-0.18058,-0.0733466666666667,-0.9985,-0.8008,0.9968,0.9037090909090908,0.051,0.08,0.08780000000000003,0.1396666666666667,0.067,0.095,0.039090909090909086,0.11800000000000001,0.0718,0.08759999999999997,0.05166666666666666,0.062,0.154,0.10345454545454544,0.83,0.8480000000000001,0.8245999999999999,0.8086666666666668,0.871,0.7509999999999999,0.8575454545454545,0.4504300000000001,-0.15355833333333332,-0.0538777777777778,-0.9985,0.27222738095238097,0.3790440000000001,0.93152,0.06649999999999999,0.08383333333333334,0.0902777777777778,0.1396666666666667,0.05041666666666667,0.07849333333333333,0.04285,0.0885,0.07566666666666667,0.08877777777777779,0.05166666666666666,0.08364880952380953,0.10373666666666666,0.1103375,0.8446,0.8403333333333334,0.8209999999999998,0.8086666666666668,0.8660059523809525,0.8177133333333334,0.8468625000000001,Facebook
2018-08-27 10:00:00,177.57,178.44,177.57,178.08599999999998,2114247,0.5160000000000196,1,0.29,0.3793,0.6765,0.2972,92.1945,91.1698,96.5224,68.0198,90.3975,100.0,0.0,176.2011,179.4388,172.9635,-56359102.1121,-35622223.0,0.10475882352941177,6.0,13.0,15.0,0.0070482541629831846,12.215909090909092,14.886363636363635,14.484848484848484,0.004289109104951253,11.2734375,14.203125,13.520833333333332,0.04319388888888887,202,253,265,0.03806851851851855,161,222,211,2018-08-27,-0.9985,0.05166666666666666,0.1396666666666667,0.8086666666666668,0.8130000000000001,0.0815,0.10533333333333336,-0.3002500000000001,0.998,-0.18058,-0.0733466666666667,-0.9985,-0.8008,0.9968,0.9037090909090908,0.051,0.08,0.08780000000000003,0.1396666666666667,0.067,0.095,0.039090909090909086,0.11800000000000001,0.0718,0.08759999999999997,0.05166666666666666,0.062,0.154,0.10345454545454544,0.83,0.8480000000000001,0.8245999999999999,0.8086666666666668,0.871,0.7509999999999999,0.8575454545454545,0.4504300000000001,-0.15355833333333332,-0.0538777777777778,-0.9985,0.27222738095238097,0.3790440000000001,0.93152,0.06649999999999999,0.08383333333333334,0.0902777777777778,0.1396666666666667,0.05041666666666667,0.07849333333333333,0.04285,0.0885,0.07566666666666667,0.08877777777777779,0.05166666666666666,0.08364880952380953,0.10373666666666666,0.1103375,0.8446,0.8403333333333334,0.8209999999999998,0.8086666666666668,0.8660059523809525,0.8177133333333334,0.8468625000000001,Facebook
2018-08-27 10:30:00,178.03,178.65,177.76,177.93,1499414,-0.09999999999999433,0,-0.06,0.4349,0.8408,0.4059,90.9102,91.7133,90.5814,75.1532,67.6639,100.0,0.0,177.0511,179.842,174.2603,-57285712.0457,-37121637.0,-0.052776666666666666,9.0,14.0,7.0,0.06012665611271575,9.375,14.25,15.333333333333332,0.004289109104951253,11.2734375,14.203125,13.520833333333332,0.04319388888888887,202,253,265,0.03806851851851855,161,222,211,2018-08-27,-0.998,0.05875,0.14275000000000002,0.7982500000000001,0.8064285714285714,0.08128571428571428,0.11200000000000004,-0.39971428571428586,0.998,-0.18058,-0.9965,-0.9985,-0.8008,0.9968,0.9037090909090908,0.051,0.08,0.152,0.1396666666666667,0.067,0.095,0.039090909090909086,0.11800000000000001,0.0718,0.08,0.05166666666666666,0.062,0.154,0.10345454545454544,0.83,0.8480000000000001,0.767,0.8086666666666668,0.871,0.7509999999999999,0.8575454545454545,0.4504300000000001,-0.15355833333333332,-0.9965,-0.9985,0.27222738095238097,0.3790440000000001,0.93152,0.06649999999999999,0.08383333333333334,0.152,0.1396666666666667,0.05041666666666667,0.07849333333333333,0.04285,0.0885,0.07566666666666667,0.08,0.05166666666666666,0.08364880952380953,0.10373666666666666,0.1103375,0.8446,0.8403333333333334,0.767,0.8086666666666668,0.8660059523809525,0.8177133333333334,0.8468625000000001,Facebook
2018-08-27 11:00:00,177.97,178.1,177.03,177.22,1277028,-0.75,0,-0.42,0.3979,0.9033,0.5054,80.5172,87.874,65.9496,67.4515,-30.2933,75.0,0.0,177.6911,178.3704,177.0119,-58109213.3588,-38398665.0,0.07231875000000001,7.0,11.0,14.0,0.025991078431372543,7.5,13.5,11.0,0.004289109104951253,11.2734375,14.203125,13.520833333333332,0.04319388888888887,202,253,265,0.03806851851851855,161,222,211,2018-08-27,-0.9616600000000002,0.0618,0.1306,0.8074000000000001,0.8111250000000001,0.080375,0.10825,-0.4517875,0.998,-0.18058,-0.9965,-0.9985,-0.8008,0.9968,-0.8163,0.051,0.08,0.152,0.1396666666666667,0.067,0.095,0.08199999999999999,0.11800000000000001,0.0718,0.08,0.05166666666666666,0.062,0.154,0.07400000000000001,0.83,0.8480000000000001,0.767,0.8086666666666668,0.871,0.7509999999999999,0.8440000000000001,0.4504300000000001,-0.15355833333333332,-0.9965,-0.9985,0.27222738095238097,0.3790440000000001,-0.8163,0.06649999999999999,0.08383333333333334,0.152,0.1396666666666667,0.05041666666666667,0.07849333333333333,0.08199999999999999,0.0885,0.07566666666666667,0.08,0.05166666666666666,0.08364880952380953,0.10373666666666666,0.07400000000000001,0.8446,0.8403333333333334,0.767,0.8086666666666668,0.8660059523809525,0.8177133333333334,0.8440000000000001,Facebook
2018-08-27 11:30:00,177.25,178.08,177.23,177.93,1013049,0.6800000000000068,1,0.38,0.3945,0.9986,0.604,74.8214,82.0829,75.0102,61.6753,-24.9714,50.0,0.0,177.7915,178.4636,177.1194,-57453730.3196,-37385616.0,0.03350749999999999,13.0,10.0,17.0,0.00977104166666667,8.0,12.5,10.5,0.034948848889691214,8.6875,13.375,12.916666666666664,0.04319388888888887,202,253,265,0.03806851851851855,161,222,211,2018-08-27,-0.9616600000000002,0.0618,0.1306,0.8074000000000001,0.8111250000000001,0.080375,0.10825,-0.4517875,0.998,-0.18058,-0.9965,-0.9985,-0.8008,0.9968,-0.8163,0.051,0.08,0.152,0.1396666666666667,0.067,0.095,0.08199999999999999,0.11800000000000001,0.0718,0.08,0.05166666666666666,0.062,0.154,0.07400000000000001,0.83,0.8480000000000001,0.767,0.8086666666666668,0.871,0.7509999999999999,0.8440000000000001,0.4504300000000001,-0.15355833333333332,-0.9965,-0.9985,0.27222738095238097,0.3790440000000001,-0.8163,0.06649999999999999,0.08383333333333334,0.152,0.1396666666666667,0.05041666666666667,0.07849333333333333,0.08199999999999999,0.0885,0.07566666666666667,0.08,0.05166666666666666,0.08364880952380953,0.10373666666666666,0.07400000000000001,0.8446,0.8403333333333334,0.767,0.8086666666666668,0.8660059523809525,0.8177133333333334,0.8440000000000001,Facebook
2018-08-27 12:00:00,177.88,178.07,177.52,177.52,891328,-0.3599999999999852,0,-0.2,0.3401,1.0292,0.6891,57.1649,70.8345,62.2555,57.3431,-18.5166,25.0,50.0,177.65,178.2488,177.0512,-58345058.3196,-38276944.0,0.028111428571428558,6.0,16.0,13.0,0.052913125,10.0,10.5,15.5,0.039452101715686284,8.75,12.0,13.249999999999998,0.04319388888888887,202,253,265,0.03806851851851855,161,222,211,2018-08-27,-0.6857285714285715,0.08128571428571428,0.12114285714285715,0.7974285714285715,0.8034000000000001,0.0903,0.1061,-0.3606099999999999,0.998,-0.18058,-0.006950000000000012,-0.9985,-0.8876,0.9968,-0.8163,0.051,0.08,0.109,0.1396666666666667,0.098,0.095,0.08199999999999999,0.11800000000000001,0.0718,0.1475,0.05166666666666666,0.0535,0.154,0.07400000000000001,0.83,0.8480000000000001,0.7430000000000001,0.8086666666666668,0.8485,0.7509999999999999,0.8440000000000001,0.4504300000000001,-0.15355833333333332,-0.006950000000000012,-0.9985,-0.9744,0.3790440000000001,-0.8163,0.06649999999999999,0.08383333333333334,0.109,0.1396666666666667,0.129,0.07849333333333333,0.08199999999999999,0.0885,0.07566666666666667,0.1475,0.05166666666666666,0.045,0.10373666666666666,0.07400000000000001,0.8446,0.8403333333333334,0.7430000000000001,0.8086666666666668,0.826,0.8177133333333334,0.8440000000000001,Facebook
2018-08-27 12:30:00,177.52,177.7297,177.35,177.55,571023,0.030000000000001137,1,0.02,0.2838,1.0438,0.76,45.6944,59.2269,62.8714,49.4796,-39.4501,0.0,25.0,177.555,178.0591,177.0509,-58314538.2837,-37705921.0,-0.013818604651162792,13.0,17.0,13.0,0.030809464285714263,9.5,13.0,15.0,0.02029025297619048,8.75,12.75,12.75,0.04319388888888887,202,253,265,0.03806851851851855,161,222,211,2018-08-27,-0.4837000000000001,0.078625,0.108125,0.8131250000000001,0.8142727272727274,0.08754545454545455,0.098,-0.2432363636363637,0.998,-0.18058,-0.006950000000000012,-0.51625,-0.8876,0.9968,-0.8163,0.051,0.08,0.109,0.109,0.098,0.095,0.08199999999999999,0.11800000000000001,0.0718,0.1475,0.05375,0.0535,0.154,0.07400000000000001,0.83,0.8480000000000001,0.7430000000000001,0.83725,0.8485,0.7509999999999999,0.8440000000000001,0.4504300000000001,-0.15355833333333332,-0.006950000000000012,-0.51625,-0.9744,0.3790440000000001,-0.8163,0.06649999999999999,0.08383333333333334,0.109,0.109,0.129,0.07849333333333333,0.08199999999999999,0.0885,0.07566666666666667,0.1475,0.05375,0.045,0.10373666666666666,0.07400000000000001,0.8446,0.8403333333333334,0.7430000000000001,0.83725,0.826,0.8177133333333334,0.8440000000000001,Facebook
2018-08-27 13:00:00,177.525,177.525,176.91,177.03,785497,-0.4950000000000046,0,-0.28,0.1935,1.0018,0.8084,24.1434,42.3342,45.6532,40.2734,-133.3333,0.0,100.0,177.5075,178.1466,176.8684,-58793507.475,-38491418.0,0.021540000000000004,8.0,14.0,13.0,0.007146411960132878,9.5,16.5,13.0,0.03002976848006645,9.75,13.5,14.25,0.04319388888888887,202,253,265,0.03806851851851855,161,222,211,2018-08-27,-0.4837000000000001,0.078625,0.108125,0.8131250000000001,0.8142727272727274,0.08754545454545455,0.098,-0.2432363636363637,0.998,-0.18058,-0.006950000000000012,-0.51625,-0.8876,0.9968,-0.8163,0.051,0.08,0.109,0.109,0.098,0.095,0.08199999999999999,0.11800000000000001,0.0718,0.1475,0.05375,0.0535,0.154,0.07400000000000001,0.83,0.8480000000000001,0.7430000000000001,0.83725,0.8485,0.7509999999999999,0.8440000000000001,0.4504300000000001,-0.15355833333333332,-0.006950000000000012,-0.51625,-0.9744,0.3790440000000001,-0.8163,0.06649999999999999,0.08383333333333334,0.109,0.109,0.129,0.07849333333333333,0.08199999999999999,0.0885,0.07566666666666667,0.1475,0.05375,0.045,0.10373666666666666,0.07400000000000001,0.8446,0.8403333333333334,0.7430000000000001,0.83725,0.826,0.8177133333333334,0.8440000000000001,Facebook
2018-08-27 13:30:00,177.03,177.3098,176.84,176.99,666331,-0.039999999999992035,0,-0.02,0.1168,0.9544,0.8376,18.0934,29.3104,44.4061,34.7006,-80.4977,0.0,100.0,177.2725,177.7987,176.7463,-59034316.3694,-39157749.0,-0.14554545454545453,26.0,14.0,15.0,0.0038606976744185993,10.5,15.5,13.0,0.017335080980066447,10.0,14.25,14.0,0.04319388888888887,202,253,265,0.03806851851851855,161,222,211,2018-08-27,-0.4837000000000001,0.078625,0.108125,0.8131250000000001,0.8142727272727274,0.08754545454545455,0.098,-0.2432363636363637,0.998,-0.18058,-0.006950000000000012,-0.51625,-0.8876,0.9968,-0.8163,0.051,0.08,0.109,0.109,0.098,0.095,0.08199999999999999,0.11800000000000001,0.0718,0.1475,0.05375,0.0535,0.154,0.07400000000000001,0.83,0.8480000000000001,0.7430000000000001,0.83725,0.8485,0.7509999999999999,0.8440000000000001,0.4504300000000001,-0.15355833333333332,-0.006950000000000012,-0.51625,-0.9744,0.3790440000000001,-0.8163,0.06649999999999999,0.08383333333333334,0.109,0.109,0.129,0.07849333333333333,0.08199999999999999,0.0885,0.07566666666666667,0.1475,0.05375,0.045,0.10373666666666666,0.07400000000000001,0.8446,0.8403333333333334,0.7430000000000001,0.83725,0.826,0.8177133333333334,0.8440000000000001,Facebook
2018-08-27 14:00:00,177.02,177.4,177.02,177.23,885939,0.20999999999997954,1,0.12,0.0703,0.9255,0.8552,17.9627,20.0665,54.3774,27.7237,-10.4386,0.0,75.0,177.2,177.6432,176.7568,-58941072.7349,-38271810.0,-0.06457142857142857,14.0,20.0,8.0,-0.06200272727272727,17.0,14.0,14.0,-0.027428157656297185,13.25,15.25,13.5,0.04319388888888887,202,253,265,0.03806851851851855,161,222,211,2018-08-27,-0.4837000000000001,0.078625,0.108125,0.8131250000000001,0.8142727272727274,0.08754545454545455,0.098,-0.2432363636363637,0.998,-0.18058,-0.006950000000000012,-0.51625,-0.8876,0.9968,-0.8163,0.051,0.08,0.109,0.109,0.098,0.095,0.08199999999999999,0.11800000000000001,0.0718,0.1475,0.05375,0.0535,0.154,0.07400000000000001,0.83,0.8480000000000001,0.7430000000000001,0.83725,0.8485,0.7509999999999999,0.8440000000000001,0.4504300000000001,-0.15355833333333332,-0.006950000000000012,-0.51625,-0.9744,0.3790440000000001,-0.8163,0.06649999999999999,0.08383333333333334,0.109,0.109,0.129,0.07849333333333333,0.08199999999999999,0.0885,0.07566666666666667,0.1475,0.05375,0.045,0.10373666666666666,0.07400000000000001,0.8446,0.8403333333333334,0.7430000000000001,0.83725,0.826,0.8177133333333334,0.8440000000000001,Facebook
2018-08-27 14:30:00,177.27,177.7133,177.12,177.61,687627,0.3400000000000034,1,0.19,0.054000000000000006,0.9226,0.8686,43.45,26.502,66.9082,27.2425,133.3333,0.0,50.0,177.215,177.706,176.72400000000005,-58492894.0693,-37584183.0,0.06971228070175438,15.0,17.0,25.0,-0.10505844155844156,20.0,17.0,11.5,-0.050598871942011465,15.25,16.25,12.25,0.04319388888888887,202,253,265,0.03806851851851855,161,222,211,2018-08-27,-0.44288181818181815,0.07209090909090908,0.10418181818181817,0.8236363636363637,0.8222857142857143,0.0805,0.09707142857142856,-0.26269285714285706,0.998,-0.18058,-0.006950000000000012,-0.6757333333333332,-0.8876,0.99205,-0.8163,0.051,0.08,0.109,0.11,0.098,0.076,0.08199999999999999,0.11800000000000001,0.0718,0.1475,0.04983333333333334,0.0535,0.11699999999999999,0.07400000000000001,0.83,0.8480000000000001,0.7430000000000001,0.8401666666666667,0.8485,0.8069999999999999,0.8440000000000001,0.4504300000000001,-0.15355833333333332,-0.006950000000000012,-0.6757333333333332,-0.9744,0.9873,-0.8163,0.06649999999999999,0.08383333333333334,0.109,0.11,0.129,0.057,0.08199999999999999,0.0885,0.07566666666666667,0.1475,0.04983333333333334,0.045,0.08,0.07400000000000001,0.8446,0.8403333333333334,0.7430000000000001,0.8401666666666667,0.826,0.863,0.8440000000000001,Facebook
2018-08-27 15:00:00,177.61,177.68,177.27,177.48,863509,-0.13000000000002387,0,-0.07,0.0246,0.8995,0.8748,63.8457,41.7528,59.4587,26.8815,65.8152,75.0,25.0,177.3275,177.8034,176.8516,-58471843.8457,-38447692.0,0.03309384615384614,22.0,20.0,23.0,0.0025704260651628896,14.5,18.5,16.5,-0.029716150603782174,15.75,16.25,15.25,0.04319388888888887,202,253,265,0.03806851851851855,161,222,211,2018-08-27,-0.3750153846153846,0.07300000000000001,0.10061538461538462,0.8263076923076922,0.8246249999999999,0.0801875,0.0950625,-0.230075,0.998,-0.9954,-0.006950000000000012,-0.6757333333333332,-0.2611,0.99205,-0.8163,0.051,0.153,0.109,0.11,0.06833333333333334,0.076,0.08199999999999999,0.11800000000000001,0.06,0.1475,0.04983333333333334,0.06766666666666668,0.11699999999999999,0.07400000000000001,0.83,0.787,0.7430000000000001,0.8401666666666667,0.8640000000000001,0.8069999999999999,0.8440000000000001,0.4504300000000001,-0.9954,-0.006950000000000012,-0.6757333333333332,0.00874999999999998,0.9873,-0.8163,0.06649999999999999,0.153,0.109,0.11,0.069,0.057,0.08199999999999999,0.0885,0.06,0.1475,0.04983333333333334,0.07050000000000001,0.08,0.07400000000000001,0.8446,0.787,0.7430000000000001,0.8401666666666667,0.8605,0.863,0.8440000000000001,Facebook
2018-08-27 15:30:00,177.47,177.53,177.0,177.46,1956748,-0.009999999999990905,0,-0.01,-0.0043,0.8695,0.8737,76.942,61.4126,58.1319,23.7313,-29.9074,50.0,0.0,177.445,177.7187,177.1713,-57031915.2748,-40404440.0,0.09960338983050847,14.0,20.0,25.0,0.05140306342780025,18.5,18.5,24.0,0.004289109104951253,11.2734375,14.203125,13.520833333333332,0.04319388888888887,202,253,265,0.03806851851851855,161,222,211,2018-08-27,-0.4194142857142857,0.07014285714285715,0.10114285714285713,0.8286428571428572,0.8266470588235295,0.07741176470588236,0.0958235294117647,-0.2751647058823529,0.998,-0.9954,-0.006950000000000012,-0.7215714285714286,-0.2611,0.99205,-0.8163,0.051,0.153,0.109,0.10971428571428572,0.06833333333333334,0.076,0.08199999999999999,0.11800000000000001,0.06,0.1475,0.04742857142857143,0.06766666666666668,0.11699999999999999,0.07400000000000001,0.83,0.787,0.7430000000000001,0.8428571428571429,0.8640000000000001,0.8069999999999999,0.8440000000000001,0.4504300000000001,-0.9954,-0.006950000000000012,-0.7215714285714286,0.00874999999999998,0.9873,-0.8163,0.06649999999999999,0.153,0.109,0.10971428571428572,0.069,0.057,0.08199999999999999,0.0885,0.06,0.1475,0.04742857142857143,0.07050000000000001,0.08,0.07400000000000001,0.8446,0.787,0.7430000000000001,0.8428571428571429,0.8605,0.863,0.8440000000000001,Facebook
2018-08-28 09:30:00,178.2362,178.2362,176.48,176.94,3282308,-1.296199999999999,0,-0.73,-0.0633,0.7946,0.8579,56.8245,65.8707,32.7679,29.265,-102.9372,100.0,100.0,177.3725,177.885,176.86,-58594743.9039,-43686748.0,0.0675693839665256,13.166666666666664,18.5,20.25,0.058751868753322826,12.507575757575754,17.613636363636363,18.102272727272727,0.05006491001155485,12.442708333333332,16.796875,17.2265625,0.05430241796200335,318,418,422,0.08616517985611506,198,199,298,2018-08-28,-0.6487999999999999,0.06966666666666665,0.11033333333333332,0.8196666666666667,0.8384482758620689,0.07089655172413792,0.09058620689655172,-0.26073793103448273,0.54635,-0.3309,-0.005299999999999999,-0.6567769230769229,0.36518,0.011299999999999977,0.07105,0.064625,0.10233333333333333,0.09675,0.10923076923076924,0.047,0.081,0.057999999999999996,0.086,0.07233333333333332,0.12799999999999995,0.04907692307692307,0.06820000000000001,0.08199999999999999,0.092,0.849125,0.8253333333333334,0.7747499999999999,0.8416923076923077,0.8847999999999999,0.8370000000000001,0.8500000000000001,0.4504300000000001,-0.21267222222222226,-0.0036499999999999866,-0.9736,0.2908179047619048,-0.9647,0.759426,0.06649999999999999,0.09000000000000001,0.08449999999999999,0.12933333333333333,0.04973333333333334,0.105,0.04588,0.0885,0.07455555555555557,0.1085,0.039,0.08055904761904761,0.084,0.10667,0.8446,0.8353333333333334,0.8065,0.8313333333333333,0.869764761904762,0.8109999999999999,0.8474900000000002,Facebook
2018-08-28 10:00:00,176.94,177.6899,176.89,177.61,1331409,0.6700000000000159,1,0.38,-0.0621,0.7803,0.8424,53.8441,62.5369,61.5721,33.4153,33.7883,75.0,75.0,177.3725,177.885,176.86,-57529301.7715,-42355339.0,0.09683214285714288,6.0,10.0,12.0,0.058751868753322826,12.507575757575754,17.613636363636363,18.102272727272727,0.05006491001155485,12.442708333333332,16.796875,17.2265625,0.05430241796200335,318,418,422,0.08616517985611506,198,199,298,2018-08-28,-0.6487999999999999,0.06966666666666665,0.11033333333333332,0.8196666666666667,0.8384482758620689,0.07089655172413792,0.09058620689655172,-0.26073793103448273,0.54635,-0.3309,-0.005299999999999999,-0.6567769230769229,0.36518,0.011299999999999977,0.07105,0.064625,0.10233333333333333,0.09675,0.10923076923076924,0.047,0.081,0.057999999999999996,0.086,0.07233333333333332,0.12799999999999995,0.04907692307692307,0.06820000000000001,0.08199999999999999,0.092,0.849125,0.8253333333333334,0.7747499999999999,0.8416923076923077,0.8847999999999999,0.8370000000000001,0.8500000000000001,0.4504300000000001,-0.21267222222222226,-0.0036499999999999866,-0.9736,0.2908179047619048,-0.9647,0.759426,0.06649999999999999,0.09000000000000001,0.08449999999999999,0.12933333333333333,0.04973333333333334,0.105,0.04588,0.0885,0.07455555555555557,0.1085,0.039,0.08055904761904761,0.084,0.10667,0.8446,0.8353333333333334,0.8065,0.8313333333333333,0.869764761904762,0.8109999999999999,0.8474900000000002,Facebook
2018-08-28 10:30:00,177.56,177.7,176.92,176.92,1166215,-0.6400000000000148,0,-0.36,-0.1097,0.7052,0.815,38.5302,49.7329,38.7662,36.7068,-82.4182,50.0,50.0,177.2325,177.8469,176.6181,-58695516.7715,-43521554.0,-0.012312500000000004,8.0,8.0,8.0,0.08220076341183424,9.583333333333332,14.25,16.125,0.05006491001155485,12.442708333333332,16.796875,17.2265625,0.05430241796200335,318,418,422,0.08616517985611506,198,199,298,2018-08-28,-0.6487999999999999,0.06966666666666665,0.11033333333333332,0.8196666666666667,0.8384482758620689,0.07089655172413792,0.09058620689655172,-0.26073793103448273,0.54635,-0.3309,-0.005299999999999999,-0.6567769230769229,0.36518,0.011299999999999977,0.07105,0.064625,0.10233333333333333,0.09675,0.10923076923076924,0.047,0.081,0.057999999999999996,0.086,0.07233333333333332,0.12799999999999995,0.04907692307692307,0.06820000000000001,0.08199999999999999,0.092,0.849125,0.8253333333333334,0.7747499999999999,0.8416923076923077,0.8847999999999999,0.8370000000000001,0.8500000000000001,0.4504300000000001,-0.21267222222222226,-0.0036499999999999866,-0.9736,0.2908179047619048,-0.9647,0.759426,0.06649999999999999,0.09000000000000001,0.08449999999999999,0.12933333333333333,0.04973333333333334,0.105,0.04588,0.0885,0.07455555555555557,0.1085,0.039,0.08055904761904761,0.084,0.10667,0.8446,0.8353333333333334,0.8065,0.8313333333333333,0.869764761904762,0.8109999999999999,0.8474900000000002,Facebook
2018-08-28 11:00:00,176.94,177.29,176.81,177.19,712655,0.25,1,0.14,-0.1241,0.6599,0.7839,43.2753,45.2165,48.6832,33.2791,-97.0237,25.0,25.0,177.165,177.7211,176.6089,-58279776.8132,-42808899.0,0.028863414634146337,11.0,17.0,13.0,0.04225982142857144,6.999999999999999,9.0,10.0,0.05006491001155485,12.442708333333332,16.796875,17.2265625,0.05430241796200335,318,418,422,0.08616517985611506,198,199,298,2018-08-28,-0.4585142857142858,0.07257142857142855,0.10385714285714286,0.8231428571428571,0.8386333333333333,0.07153333333333335,0.08973333333333333,-0.2292733333333333,0.54635,-0.3309,-0.005299999999999999,-0.5610642857142857,0.36518,0.011299999999999977,0.07105,0.064625,0.10233333333333333,0.09675,0.10607142857142857,0.047,0.081,0.057999999999999996,0.086,0.07233333333333332,0.12799999999999995,0.052000000000000005,0.06820000000000001,0.08199999999999999,0.092,0.849125,0.8253333333333334,0.7747499999999999,0.8418571428571429,0.8847999999999999,0.8370000000000001,0.8500000000000001,0.4504300000000001,-0.21267222222222226,-0.0036499999999999866,-0.5594,0.2908179047619048,-0.9647,0.759426,0.06649999999999999,0.09000000000000001,0.08449999999999999,0.11325,0.04973333333333334,0.105,0.04588,0.0885,0.07455555555555557,0.1085,0.05175,0.08055904761904761,0.084,0.10667,0.8446,0.8353333333333334,0.8065,0.8345,0.869764761904762,0.8109999999999999,0.8474900000000002,Facebook
2018-08-28 11:30:00,177.14,177.17,176.65,176.96,843355,-0.1799999999999784,0,-0.1,-0.1484,0.5985,0.7468,30.9382,37.5812,41.1196,26.5236,-107.6326,0.0,0.0,177.17,177.7183,176.6217,-58117559.845,-43652254.0,0.063776,15.0,18.0,17.0,0.008275457317073166,9.5,12.5,10.5,0.0452381103644537,9.541666666666666,13.375,13.3125,0.05430241796200335,318,418,422,0.08616517985611506,198,199,298,2018-08-28,-0.2777625,0.07624999999999997,0.09725,0.826125,0.8389032258064516,0.07251612903225806,0.08848387096774192,-0.19002258064516125,0.54635,-0.3309,0.19326,-0.5610642857142857,0.36518,0.011299999999999977,0.07105,0.064625,0.10233333333333333,0.08759999999999997,0.10607142857142857,0.047,0.081,0.057999999999999996,0.086,0.07233333333333332,0.12279999999999998,0.052000000000000005,0.06820000000000001,0.08199999999999999,0.092,0.849125,0.8253333333333334,0.7892,0.8418571428571429,0.8847999999999999,0.8370000000000001,0.8500000000000001,0.4504300000000001,-0.21267222222222226,0.3267333333333334,-0.5594,0.2908179047619048,-0.9647,0.759426,0.06649999999999999,0.09000000000000001,0.07333333333333332,0.11325,0.04973333333333334,0.105,0.04588,0.0885,0.07455555555555557,0.10633333333333332,0.05175,0.08055904761904761,0.084,0.10667,0.8446,0.8353333333333334,0.82,0.8345,0.869764761904762,0.8109999999999999,0.8474900000000002,Facebook
2018-08-28 12:00:00,176.975,177.23,176.88,176.96,759712,-0.01499999999998636,0,-0.01,-0.1626,0.5435,0.7062,32.4285,35.5473,41.1196,21.1515,-27.2089,25.0,75.0,177.0075,177.2208,176.7943,-58529957.8972,-43652254.0,0.06896400000000001,10.0,21.0,19.0,0.04631970731707317,13.0,17.5,15.0,0.044289764372822296,10.0,13.25,12.5,0.05430241796200335,318,418,422,0.08616517985611506,198,199,298,2018-08-28,-0.1368666666666667,0.08211111111111111,0.08722222222222221,0.8303333333333334,0.8396875,0.07428125,0.0859375,-0.15313750000000004,0.54635,-0.3309,0.19326,-0.5610642857142857,0.4693666666666667,0.011299999999999977,0.07105,0.064625,0.10233333333333333,0.08759999999999997,0.10607142857142857,0.04033333333333333,0.081,0.057999999999999996,0.086,0.07233333333333332,0.12279999999999998,0.052000000000000005,0.07833333333333334,0.08199999999999999,0.092,0.849125,0.8253333333333334,0.7892,0.8418571428571429,0.8813333333333332,0.8370000000000001,0.8500000000000001,0.4504300000000001,-0.21267222222222226,0.3267333333333334,-0.5594,0.9903,-0.9647,0.759426,0.06649999999999999,0.09000000000000001,0.07333333333333332,0.11325,0.006999999999999999,0.105,0.04588,0.0885,0.07455555555555557,0.10633333333333332,0.05175,0.129,0.084,0.10667,0.8446,0.8353333333333334,0.82,0.8345,0.8640000000000001,0.8109999999999999,0.8474900000000002,Facebook
2018-08-28 12:30:00,176.99,177.19,176.85,176.8978,669267,-0.0922000000000196,0,-0.05,-0.1735,0.4894,0.6628,26.8191,30.0619,38.2612,16.3421,-33.9028,0.0,50.0,177.002,177.225,176.77900000000002,-59011078.0312,-44321521.0,0.04891551724137931,18.0,16.0,24.0,0.06637000000000001,12.5,19.5,18.0,0.03732272865853658,11.0,16.0,14.25,0.05430241796200335,318,418,422,0.08616517985611506,198,199,298,2018-08-28,-0.21782000000000004,0.0878,0.0927,0.8192,0.836030303030303,0.07624242424242424,0.08763636363636365,-0.17717575757575754,-0.9464,-0.3309,0.19326,-0.5610642857142857,0.4693666666666667,0.011299999999999977,0.07105,0.142,0.10233333333333333,0.08759999999999997,0.10607142857142857,0.04033333333333333,0.081,0.057999999999999996,0.139,0.07233333333333332,0.12279999999999998,0.052000000000000005,0.07833333333333334,0.08199999999999999,0.092,0.7190000000000001,0.8253333333333334,0.7892,0.8418571428571429,0.8813333333333332,0.8370000000000001,0.8500000000000001,-0.9464,-0.21267222222222226,0.3267333333333334,-0.5594,0.9903,-0.9647,0.759426,0.142,0.09000000000000001,0.07333333333333332,0.11325,0.006999999999999999,0.105,0.04588,0.139,0.07455555555555557,0.10633333333333332,0.05175,0.129,0.084,0.10667,0.7190000000000001,0.8353333333333334,0.82,0.8345,0.8640000000000001,0.8109999999999999,0.8474900000000002,Facebook
2018-08-28 13:00:00,176.88,177.0098,176.78,176.8307,652154,-0.04929999999998813,0,-0.03,-0.1815,0.436,0.6174,27.1204,28.7893,34.7842,16.9214,-101.6842,0.0,25.0,176.9121,177.019,176.8053,-59375435.5195,-44973675.0,-0.0039790697674418575,13.0,13.0,17.0,0.058939758620689675,14.0,18.5,21.5,0.05262973296888142,13.5,18.0,18.25,0.05430241796200335,318,418,422,0.08616517985611506,198,199,298,2018-08-28,-0.28531818181818186,0.08600000000000001,0.09154545454545454,0.822181818181818,0.8365,0.07599999999999997,0.08741176470588237,-0.20020882352941172,-0.9464,-0.3309,0.19326,-0.5610642857142857,0.4693666666666667,-0.3125666666666667,0.07105,0.142,0.10233333333333333,0.08759999999999997,0.10607142857142857,0.04033333333333333,0.08066666666666666,0.057999999999999996,0.139,0.07233333333333332,0.12279999999999998,0.052000000000000005,0.07833333333333334,0.07733333333333335,0.092,0.7190000000000001,0.8253333333333334,0.7892,0.8418571428571429,0.8813333333333332,0.8420000000000001,0.8500000000000001,-0.9464,-0.21267222222222226,0.3267333333333334,-0.5594,0.9903,-0.9625,0.759426,0.142,0.09000000000000001,0.07333333333333332,0.11325,0.006999999999999999,0.0925,0.04588,0.139,0.07455555555555557,0.10633333333333332,0.05175,0.129,0.07600000000000001,0.10667,0.7190000000000001,0.8353333333333334,0.82,0.8345,0.8640000000000001,0.8314999999999999,0.8474900000000002,Facebook
2018-08-28 13:30:00,176.82,177.1134,176.77,177.03,402193,0.210000000000008,1,0.12,-0.1699,0.4051,0.575,39.118,31.0192,52.0445,15.5014,14.0802,25.0,0.0,176.9296,177.0773,176.782,-59168611.2764,-44571482.0,0.12743191489361705,12.0,13.0,22.0,0.022468223736968742,15.5,14.5,20.5,0.04441911186848437,14.0,17.0,19.25,0.05430241796200335,318,418,422,0.08616517985611506,198,199,298,2018-08-28,-0.28531818181818186,0.08600000000000001,0.09154545454545454,0.822181818181818,0.8365,0.07599999999999997,0.08741176470588237,-0.20020882352941172,-0.9464,-0.3309,0.19326,-0.5610642857142857,0.4693666666666667,-0.3125666666666667,0.07105,0.142,0.10233333333333333,0.08759999999999997,0.10607142857142857,0.04033333333333333,0.08066666666666666,0.057999999999999996,0.139,0.07233333333333332,0.12279999999999998,0.052000000000000005,0.07833333333333334,0.07733333333333335,0.092,0.7190000000000001,0.8253333333333334,0.7892,0.8418571428571429,0.8813333333333332,0.8420000000000001,0.8500000000000001,-0.9464,-0.21267222222222226,0.3267333333333334,-0.5594,0.9903,-0.9625,0.759426,0.142,0.09000000000000001,0.07333333333333332,0.11325,0.006999999999999999,0.0925,0.04588,0.139,0.07455555555555557,0.10633333333333332,0.05175,0.129,0.07600000000000001,0.10667,0.7190000000000001,0.8353333333333334,0.82,0.8345,0.8640000000000001,0.8314999999999999,0.8474900000000002,Facebook
2018-08-28 14:00:00,177.04,177.26,176.96,177.23,571076,0.18999999999999773,1,0.11,-0.1462,0.3922,0.5384,62.5438,42.9274,64.5858,21.5861,133.3333,100.0,75.0,176.9971,177.3019,176.6924,-58711750.4753,-44000406.0,0.060242424242424236,13.0,36.0,17.0,0.061726422563087614,12.5,13.0,19.5,0.06033309059188863,13.25,15.75,20.5,0.05430241796200335,318,418,422,0.08616517985611506,198,199,298,2018-08-28,-0.3442583333333333,0.08241666666666668,0.09275,0.8245833333333333,0.8369142857142857,0.07505714285714285,0.08794285714285714,-0.2228485714285714,-0.9464,-0.3309,0.19326,-0.5898333333333333,0.4693666666666667,-0.3125666666666667,0.07105,0.142,0.10233333333333333,0.08759999999999997,0.10606666666666666,0.04033333333333333,0.08066666666666666,0.057999999999999996,0.139,0.07233333333333332,0.12279999999999998,0.05140000000000002,0.07833333333333334,0.07733333333333335,0.092,0.7190000000000001,0.8253333333333334,0.7892,0.8424666666666667,0.8813333333333332,0.8420000000000001,0.8500000000000001,-0.9464,-0.21267222222222226,0.3267333333333334,-0.64604,0.9903,-0.9625,0.759426,0.142,0.09000000000000001,0.07333333333333332,0.11179999999999997,0.006999999999999999,0.0925,0.04588,0.139,0.07455555555555557,0.10633333333333332,0.05,0.129,0.07600000000000001,0.10667,0.7190000000000001,0.8353333333333334,0.82,0.8378,0.8640000000000001,0.8314999999999999,0.8474900000000002,Facebook
2018-08-28 14:30:00,177.225,177.32,176.95,177.07,859593,-0.15500000000000114,0,-0.09,-0.1388,0.3649,0.5037,71.3138,57.6585,50.4996,28.3991,54.9919,100.0,50.0,177.0402,177.3246,176.7557,-59013737.063,-44859999.0,0.048840909090909095,19.0,24.0,23.0,0.09383716956802067,12.5,24.5,19.5,0.05815269665249467,14.0,19.5,20.0,0.05430241796200335,318,418,422,0.08616517985611506,198,199,298,2018-08-28,-0.18242857142857144,0.08785714285714287,0.0892142857142857,0.8227142857142857,0.8355405405405405,0.07751351351351353,0.08686486486486486,-0.16817837837837835,-0.9464,-0.08504999999999999,0.19326,-0.5898333333333333,0.5344,-0.3125666666666667,0.07105,0.142,0.10775,0.08759999999999997,0.10606666666666666,0.03628571428571429,0.08066666666666666,0.057999999999999996,0.139,0.08900000000000001,0.12279999999999998,0.05140000000000002,0.08171428571428573,0.07733333333333335,0.092,0.7190000000000001,0.80325,0.7892,0.8424666666666667,0.8819999999999998,0.8420000000000001,0.8500000000000001,-0.9464,0.6525,0.3267333333333334,-0.64604,0.95745,-0.9625,0.759426,0.142,0.124,0.07333333333333332,0.11179999999999997,0.0095,0.0925,0.04588,0.139,0.139,0.10633333333333332,0.05,0.1155,0.07600000000000001,0.10667,0.7190000000000001,0.737,0.82,0.8378,0.875,0.8314999999999999,0.8474900000000002,Facebook
2018-08-28 15:00:00,177.07,177.07,176.4271,176.5195,1147274,-0.5504999999999995,0,-0.31,-0.1666,0.2954,0.4621,52.9241,62.2606,25.2419,32.7076,-130.9537,75.0,100.0,176.9624,177.4952,176.4295,-59831211.3143,-46007273.0,0.1698222222222222,12.0,17.0,34.0,0.0545416666666667,16.0,30.0,20.0,0.058134044614877124,14.25,21.5,19.75,0.05430241796200335,318,418,422,0.08616517985611506,198,199,298,2018-08-28,-0.1583875,0.08893750000000003,0.08462499999999999,0.82625,0.8363333333333335,0.07848717948717948,0.0851025641025641,-0.15904615384615384,-0.9464,-0.08504999999999999,0.19326,-0.5898333333333333,0.5901125,-0.4745,0.07105,0.142,0.10775,0.08759999999999997,0.10606666666666666,0.034875,0.0805,0.057999999999999996,0.139,0.08900000000000001,0.12279999999999998,0.05140000000000002,0.08712500000000001,0.07500000000000001,0.092,0.7190000000000001,0.80325,0.7892,0.8424666666666667,0.8779999999999999,0.8444999999999999,0.8500000000000001,-0.9464,0.6525,0.3267333333333334,-0.64604,0.965,-0.9617666666666668,0.759426,0.142,0.124,0.07333333333333332,0.11179999999999997,0.014666666666666668,0.08833333333333332,0.04588,0.139,0.139,0.10633333333333332,0.05,0.11866666666666666,0.07333333333333335,0.10667,0.7190000000000001,0.737,0.82,0.8378,0.8666666666666666,0.8383333333333333,0.8474900000000002,Facebook
2018-08-28 15:30:00,176.53,176.54,175.87,176.27,2027776,-0.2599999999999909,0,-0.15,-0.1955,0.2177,0.4132,30.8271,51.6883,19.3835,42.3833,-110.2036,50.0,100.0,176.7724,177.5562,175.9886,-59437700.2069,-48035049.0,0.11343563218390805,21.0,29.0,37.0,0.1093315656565657,15.5,20.5,28.5,0.05006491001155485,12.442708333333332,16.796875,17.2265625,0.05430241796200335,318,418,422,0.08616517985611506,198,199,298,2018-08-28,-0.1583875,0.08893750000000003,0.08462499999999999,0.82625,0.8363333333333335,0.07848717948717948,0.0851025641025641,-0.15904615384615384,-0.9464,-0.08504999999999999,0.19326,-0.5898333333333333,0.5901125,-0.4745,0.07105,0.142,0.10775,0.08759999999999997,0.10606666666666666,0.034875,0.0805,0.057999999999999996,0.139,0.08900000000000001,0.12279999999999998,0.05140000000000002,0.08712500000000001,0.07500000000000001,0.092,0.7190000000000001,0.80325,0.7892,0.8424666666666667,0.8779999999999999,0.8444999999999999,0.8500000000000001,-0.9464,0.6525,0.3267333333333334,-0.64604,0.965,-0.9617666666666668,0.759426,0.142,0.124,0.07333333333333332,0.11179999999999997,0.014666666666666668,0.08833333333333332,0.04588,0.139,0.139,0.10633333333333332,0.05,0.11866666666666666,0.07333333333333335,0.10667,0.7190000000000001,0.737,0.82,0.8378,0.8666666666666666,0.8383333333333333,0.8474900000000002,Facebook
2018-08-29 09:30:00,176.135,176.75,175.29,175.84,2899568,-0.2949999999999875,0,-0.17,-0.2345,0.1201,0.3546,21.6764,35.1425,12.6414,52.4771,-88.9046,25.0,100.0,176.4249,177.3144,175.5354,-60152660.1031,-50934617.0,0.061008711697889115,14.5,20.83333333333333,22.58333333333333,0.0670482997738997,13.522727272727273,18.35606060606061,21.34469696969697,0.0770308145871864,12.796875,17.432291666666664,21.111979166666664,0.05143862318840578,383,472,525,0.02462653534183082,256,291,316,2018-08-29,-0.32637857142857146,0.061857142857142874,0.060928571428571436,0.8772142857142856,0.8474999999999999,0.08066666666666666,0.07178571428571429,-0.09646666666666667,-0.9719,0.8258,0.491775,-0.5002125,0.22657,-0.960025,0.962825,0.1265,0.083,0.0705,0.076875,0.056700000000000014,0.0865,0.04275,0.11150000000000004,0.14550000000000002,0.13075,0.050875,0.0884,0.07125000000000001,0.092,0.762,0.7715,0.79875,0.8720625,0.8549,0.8422499999999999,0.8654999999999999,0.21337500000000006,0.046945833333333326,0.9869,-0.3768625,-0.5082599999999999,0.2746421428571429,0.7933258333333333,0.0765,0.08825000000000001,0.062,0.050875,0.07680000000000001,0.07656666666666666,0.045358333333333334,0.09233333333333334,0.09229166666666667,0.204,0.049625,0.053000000000000005,0.09570476190476188,0.104225,0.8308333333333332,0.8193750000000001,0.735,0.8993749999999999,0.8702,0.8276880952380952,0.8504916666666668,Facebook
2018-08-29 10:00:00,175.8,175.91,175.45,175.83,1284737,0.030000000000001137,1,0.02,-0.2505,0.0414,0.2919,27.0938,26.5324,12.5065,60.0474,-92.0343,0.0,75.0,176.1149,176.7018,175.5279,-59314791.8519,-52219354.0,-0.013179310344827591,9.0,11.0,9.0,0.0670482997738997,13.522727272727273,18.35606060606061,21.34469696969697,0.0770308145871864,12.796875,17.432291666666664,21.111979166666664,0.05143862318840578,383,472,525,0.02462653534183082,256,291,316,2018-08-29,-0.32637857142857146,0.061857142857142874,0.060928571428571436,0.8772142857142856,0.8474999999999999,0.08066666666666666,0.07178571428571429,-0.09646666666666667,-0.9719,0.8258,0.491775,-0.5002125,0.22657,-0.960025,0.962825,0.1265,0.083,0.0705,0.076875,0.056700000000000014,0.0865,0.04275,0.11150000000000004,0.14550000000000002,0.13075,0.050875,0.0884,0.07125000000000001,0.092,0.762,0.7715,0.79875,0.8720625,0.8549,0.8422499999999999,0.8654999999999999,0.21337500000000006,0.046945833333333326,0.9869,-0.3768625,-0.5082599999999999,0.2746421428571429,0.7933258333333333,0.0765,0.08825000000000001,0.062,0.050875,0.07680000000000001,0.07656666666666666,0.045358333333333334,0.09233333333333334,0.09229166666666667,0.204,0.049625,0.053000000000000005,0.09570476190476188,0.104225,0.8308333333333332,0.8193750000000001,0.735,0.8993749999999999,0.8702,0.8276880952380952,0.8504916666666668,Facebook
2018-08-29 10:30:00,175.84,176.28,175.29,175.55200000000002,1712754,-0.2880000000000109,0,-0.16,-0.2679,-0.0429,0.225,22.8048,23.8583,8.962,51.5424,-70.7004,0.0,100.0,175.873,176.3864,175.3596,-60120972.3114,-53932108.0,0.1390925925925926,4.0,10.0,13.0,0.02391470067653076,11.75,15.916666666666664,15.791666666666664,0.0770308145871864,12.796875,17.432291666666664,21.111979166666664,0.05143862318840578,383,472,525,0.02462653534183082,256,291,316,2018-08-29,-0.32637857142857146,0.061857142857142874,0.060928571428571436,0.8772142857142856,0.8474999999999999,0.08066666666666666,0.07178571428571429,-0.09646666666666667,-0.9719,0.8258,0.491775,-0.5002125,0.22657,-0.960025,0.962825,0.1265,0.083,0.0705,0.076875,0.056700000000000014,0.0865,0.04275,0.11150000000000004,0.14550000000000002,0.13075,0.050875,0.0884,0.07125000000000001,0.092,0.762,0.7715,0.79875,0.8720625,0.8549,0.8422499999999999,0.8654999999999999,0.21337500000000006,0.046945833333333326,0.9869,-0.3768625,-0.5082599999999999,0.2746421428571429,0.7933258333333333,0.0765,0.08825000000000001,0.062,0.050875,0.07680000000000001,0.07656666666666666,0.045358333333333334,0.09233333333333334,0.09229166666666667,0.204,0.049625,0.053000000000000005,0.09570476190476188,0.104225,0.8308333333333332,0.8193750000000001,0.735,0.8993749999999999,0.8702,0.8276880952380952,0.8504916666666668,Facebook
2018-08-29 11:00:00,175.54,176.1107,175.54,176.0315,1073041,0.4915000000000021,1,0.28,-0.2361,-0.0702,0.1659,30.7027,26.8671,44.8848,45.1637,45.5711,25.0,75.0,175.8134,176.1552,175.4715,-59345784.6788,-52859067.0,0.12353823529411764,9.0,8.0,17.0,0.06295664112388251,6.5,10.499999999999998,10.999999999999998,0.0770308145871864,12.796875,17.432291666666664,21.111979166666664,0.05143862318840578,383,472,525,0.02462653534183082,256,291,316,2018-08-29,-0.09532352941176472,0.07541176470588236,0.054941176470588236,0.8696470588235293,0.846622222222222,0.08453333333333334,0.0688,-0.02450666666666668,-0.9719,0.8258,0.5883399999999999,-0.4128294117647057,0.2958727272727273,-0.960025,0.962825,0.1265,0.083,0.0698,0.07294117647058823,0.05190909090909091,0.0865,0.04275,0.11150000000000004,0.14550000000000002,0.1446,0.054000000000000006,0.09054545454545457,0.07125000000000001,0.092,0.762,0.7715,0.7856,0.8728823529411766,0.8575454545454545,0.8422499999999999,0.8654999999999999,0.21337500000000006,0.046945833333333326,0.98075,-0.2255111111111112,-0.2587333333333333,0.2746421428571429,0.7933258333333333,0.0765,0.08825000000000001,0.0645,0.04633333333333333,0.06466666666666666,0.07656666666666666,0.045358333333333334,0.09233333333333334,0.09229166666666667,0.202,0.05566666666666667,0.06283333333333332,0.09570476190476188,0.104225,0.8308333333333332,0.8193750000000001,0.7340000000000001,0.8978888888888888,0.8725,0.8276880952380952,0.8504916666666668,Facebook
2018-08-29 11:30:00,176.0,176.18,175.76,175.87,767317,-0.12999999999999545,0,-0.07,-0.2157,-0.1037,0.112,35.0776,29.5284,38.1283,37.4285,81.1043,0.0,50.0,175.8209,176.1661,175.4757,-59711169.7454,-53626384.0,0.059459574468085113,13.0,16.0,18.0,0.13131541394335516,6.5,8.999999999999998,15.0,0.07761505730994295,9.125,12.458333333333332,15.395833333333332,0.05143862318840578,383,472,525,0.02462653534183082,256,291,316,2018-08-29,-0.03457777777777779,0.0778888888888889,0.05483333333333335,0.8672777777777777,0.8461956521739128,0.08530434782608698,0.06845652173913043,-0.002276086956521745,-0.9719,0.8258,0.5883399999999999,-0.4128294117647057,0.2958727272727273,-0.960025,0.96988,0.1265,0.083,0.0698,0.07294117647058823,0.05190909090909091,0.0865,0.04479999999999999,0.11150000000000004,0.14550000000000002,0.1446,0.054000000000000006,0.09054545454545457,0.07125000000000001,0.0976,0.762,0.7715,0.7856,0.8728823529411766,0.8575454545454545,0.8422499999999999,0.8578000000000001,0.21337500000000006,0.046945833333333326,0.98075,-0.2255111111111112,-0.2587333333333333,0.2746421428571429,0.9981,0.0765,0.08825000000000001,0.0645,0.04633333333333333,0.06466666666666666,0.07656666666666666,0.053,0.09233333333333334,0.09229166666666667,0.202,0.05566666666666667,0.06283333333333332,0.09570476190476188,0.12,0.8308333333333332,0.8193750000000001,0.7340000000000001,0.8978888888888888,0.8725,0.8276880952380952,0.8270000000000001,Facebook
2018-08-29 12:00:00,175.88,175.92,175.44,175.5251,709158,-0.35489999999998645,0,-0.2,-0.2146,-0.1562,0.0584,38.0872,34.6225,26.6888,39.4711,-87.9354,25.0,25.0,175.7446,176.1728,175.3165,-60168875.0206,-54335542.0,0.14011698113207546,11.0,15.0,27.0,0.09149890488110138,11.0,12.0,17.5,0.07722777300249194,8.75,11.25,14.25,0.05143862318840578,383,472,525,0.02462653534183082,256,291,316,2018-08-29,-0.03457777777777779,0.0778888888888889,0.05483333333333335,0.8672777777777777,0.8461956521739128,0.08530434782608698,0.06845652173913043,-0.002276086956521745,-0.9719,0.8258,0.5883399999999999,-0.4128294117647057,0.2958727272727273,-0.960025,0.96988,0.1265,0.083,0.0698,0.07294117647058823,0.05190909090909091,0.0865,0.04479999999999999,0.11150000000000004,0.14550000000000002,0.1446,0.054000000000000006,0.09054545454545457,0.07125000000000001,0.0976,0.762,0.7715,0.7856,0.8728823529411766,0.8575454545454545,0.8422499999999999,0.8578000000000001,0.21337500000000006,0.046945833333333326,0.98075,-0.2255111111111112,-0.2587333333333333,0.2746421428571429,0.9981,0.0765,0.08825000000000001,0.0645,0.04633333333333333,0.06466666666666666,0.07656666666666666,0.053,0.09233333333333334,0.09229166666666667,0.202,0.05566666666666667,0.06283333333333332,0.09570476190476188,0.12,0.8308333333333332,0.8193750000000001,0.7340000000000001,0.8978888888888888,0.8725,0.8276880952380952,0.8270000000000001,Facebook
2018-08-29 12:30:00,175.55,175.7599,175.36,175.63,865557,0.07999999999998407,1,0.05,-0.1965,-0.1873,0.0092,32.6062,35.257,34.6414,42.4812,-76.3727,0.0,0.0,175.7641,176.1614,175.3669,-59865626.2258,-53469985.0,0.08237735849056603,9.0,24.0,20.0,0.09978827780008026,12.0,15.5,22.5,0.1155518458717177,9.25,12.25,18.75,0.05143862318840578,383,472,525,0.02462653534183082,256,291,316,2018-08-29,-0.08365263157894738,0.07778947368421052,0.05826315789473682,0.8640000000000001,0.84531914893617,0.0851063829787234,0.06955319148936169,-0.02280212765957449,-0.9719,0.8258,0.5883399999999999,-0.4436166666666667,0.2958727272727273,-0.960025,0.96988,0.1265,0.083,0.0698,0.07555555555555554,0.05190909090909091,0.0865,0.04479999999999999,0.11150000000000004,0.14550000000000002,0.1446,0.05522222222222222,0.09054545454545457,0.07125000000000001,0.0976,0.762,0.7715,0.7856,0.8691111111111112,0.8575454545454545,0.8422499999999999,0.8578000000000001,0.21337500000000006,0.046945833333333326,0.98075,-0.29966000000000004,-0.2587333333333333,0.2746421428571429,0.9981,0.0765,0.08825000000000001,0.0645,0.053700000000000005,0.06466666666666666,0.07656666666666666,0.053,0.09233333333333334,0.09229166666666667,0.202,0.057700000000000015,0.06283333333333332,0.09570476190476188,0.12,0.8308333333333332,0.8193750000000001,0.7340000000000001,0.8886,0.8725,0.8276880952380952,0.8270000000000001,Facebook
2018-08-29 13:00:00,175.61,175.6498,175.185,175.34,662712,-0.27000000000001023,0,-0.15,-0.1934,-0.2326,-0.0391,24.5568,31.75,24.7465,47.6564,-107.5692,25.0,100.0,175.5913,175.9743,175.2083,-60086341.6733,-54132697.0,0.01403780487804877,24.0,28.0,30.0,0.11124716981132073,10.0,19.5,23.5,0.10137303734621103,10.5,15.75,20.5,0.05143862318840578,383,472,525,0.02462653534183082,256,291,316,2018-08-29,0.017852380952380984,0.08004761904761905,0.05457142857142856,0.8654285714285715,0.8466938775510204,0.08577551020408164,0.06751020408163266,0.01821632653061224,-0.9719,0.8258,0.5883399999999999,-0.4436166666666667,0.35192500000000004,-0.56886,0.96988,0.1265,0.083,0.0698,0.07555555555555554,0.04758333333333334,0.077,0.04479999999999999,0.11150000000000004,0.14550000000000002,0.1446,0.05522222222222222,0.08749999999999998,0.08680000000000003,0.0976,0.762,0.7715,0.7856,0.8691111111111112,0.8649166666666668,0.8362,0.8578000000000001,0.21337500000000006,0.046945833333333326,0.98075,-0.29966000000000004,-0.0834142857142857,0.9958,0.9981,0.0765,0.08825000000000001,0.0645,0.053700000000000005,0.05542857142857143,0.039,0.053,0.09233333333333334,0.09229166666666667,0.202,0.057700000000000015,0.06157142857142856,0.149,0.12,0.8308333333333332,0.8193750000000001,0.7340000000000001,0.8886,0.883,0.812,0.8270000000000001,Facebook
2018-08-29 13:30:00,175.3434,175.35,174.75,174.97,1349878,-0.3734000000000037,0,-0.21,-0.2046,-0.2949,-0.0903,21.769,26.3107,16.6544,55.6222,-128.2948,0.0,100.0,175.3663,175.8688,174.8638,-60446313.7166,-55482575.0,0.023066,16.0,18.0,16.0,0.048207581684307374,16.5,26.0,25.0,0.07399792974219382,14.25,20.75,23.75,0.05143862318840578,383,472,525,0.02462653534183082,256,291,316,2018-08-29,0.017852380952380984,0.08004761904761905,0.05457142857142856,0.8654285714285715,0.8466938775510204,0.08577551020408164,0.06751020408163266,0.01821632653061224,-0.9719,0.8258,0.5883399999999999,-0.4436166666666667,0.35192500000000004,-0.56886,0.96988,0.1265,0.083,0.0698,0.07555555555555554,0.04758333333333334,0.077,0.04479999999999999,0.11150000000000004,0.14550000000000002,0.1446,0.05522222222222222,0.08749999999999998,0.08680000000000003,0.0976,0.762,0.7715,0.7856,0.8691111111111112,0.8649166666666668,0.8362,0.8578000000000001,0.21337500000000006,0.046945833333333326,0.98075,-0.29966000000000004,-0.0834142857142857,0.9958,0.9981,0.0765,0.08825000000000001,0.0645,0.053700000000000005,0.05542857142857143,0.039,0.053,0.09233333333333334,0.09229166666666667,0.202,0.057700000000000015,0.06157142857142856,0.149,0.12,0.8308333333333332,0.8193750000000001,0.7340000000000001,0.8886,0.883,0.812,0.8270000000000001,Facebook
2018-08-29 14:00:00,174.9839,175.105,174.86,174.98,876414,-0.0039000000000157797,0,-0.0,-0.1995,-0.3396,-0.1402,16.8735,21.0664,17.6245,61.5965,-72.3953,0.0,75.0,175.23,175.7797,174.6803,-60464217.5373,-54606161.0,0.12049733333333333,17.0,21.0,37.0,0.01855190243902436,20.0,23.0,23.0,0.06489953612517255,15.0,21.25,23.25,0.05143862318840578,383,472,525,0.02462653534183082,256,291,316,2018-08-29,0.017852380952380984,0.08004761904761905,0.05457142857142856,0.8654285714285715,0.8466938775510204,0.08577551020408164,0.06751020408163266,0.01821632653061224,-0.9719,0.8258,0.5883399999999999,-0.4436166666666667,0.35192500000000004,-0.56886,0.96988,0.1265,0.083,0.0698,0.07555555555555554,0.04758333333333334,0.077,0.04479999999999999,0.11150000000000004,0.14550000000000002,0.1446,0.05522222222222222,0.08749999999999998,0.08680000000000003,0.0976,0.762,0.7715,0.7856,0.8691111111111112,0.8649166666666668,0.8362,0.8578000000000001,0.21337500000000006,0.046945833333333326,0.98075,-0.29966000000000004,-0.0834142857142857,0.9958,0.9981,0.0765,0.08825000000000001,0.0645,0.053700000000000005,0.05542857142857143,0.039,0.053,0.09233333333333334,0.09229166666666667,0.202,0.057700000000000015,0.06157142857142856,0.149,0.12,0.8308333333333332,0.8193750000000001,0.7340000000000001,0.8886,0.883,0.812,0.8270000000000001,Facebook
2018-08-29 14:30:00,174.98,175.3,174.92,175.26,1020249,0.28000000000000114,1,0.16,-0.1666,-0.3485,-0.1818,28.514,22.3855,42.5881,54.3523,10.172,0.0,50.0,175.1375,175.4675,174.8075,-59658800.9242,-53585912.0,0.024745714285714288,19.0,25.0,26.0,0.07178166666666665,16.5,19.5,26.5,0.059994624175487024,16.5,22.75,25.75,0.05143862318840578,383,472,525,0.02462653534183082,256,291,316,2018-08-29,0.1026521739130435,0.08130434782608696,0.05226086956521738,0.8664782608695653,0.8479019607843138,0.08611764705882352,0.0659607843137255,0.0564450980392157,-0.3155,0.8258,0.5883399999999999,-0.4436166666666667,0.35192500000000004,-0.56886,0.9730333333333332,0.10233333333333333,0.083,0.0698,0.07555555555555554,0.04758333333333334,0.077,0.03766666666666666,0.10766666666666667,0.14550000000000002,0.1446,0.05522222222222222,0.08749999999999998,0.08680000000000003,0.09616666666666666,0.79,0.7715,0.7856,0.8691111111111112,0.8649166666666668,0.8362,0.8663333333333334,0.9973,0.046945833333333326,0.98075,-0.29966000000000004,-0.0834142857142857,0.9958,0.99345,0.054000000000000006,0.08825000000000001,0.0645,0.053700000000000005,0.05542857142857143,0.039,0.0275,0.1,0.09229166666666667,0.202,0.057700000000000015,0.06157142857142856,0.149,0.1045,0.846,0.8193750000000001,0.7340000000000001,0.8886,0.883,0.812,0.8680000000000001,Facebook
2018-08-29 15:00:00,175.28,176.06,175.26,176.0,1585608,0.7199999999999989,1,0.41,-0.0884,-0.2924,-0.2039,55.1924,33.5266,72.2364,51.701,133.3333,100.0,25.0,175.3025,176.1409,174.4641,-58311023.5407,-52000304.0,-0.013450684931506852,21.0,31.0,21.0,0.07262152380952379,18.0,23.0,31.5,0.04558671312427408,19.0,23.0,27.25,0.05143862318840578,383,472,525,0.02462653534183082,256,291,316,2018-08-29,0.1026521739130435,0.08130434782608696,0.05226086956521738,0.8664782608695653,0.8479019607843138,0.08611764705882352,0.0659607843137255,0.0564450980392157,-0.3155,0.8258,0.5883399999999999,-0.4436166666666667,0.35192500000000004,-0.56886,0.9730333333333332,0.10233333333333333,0.083,0.0698,0.07555555555555554,0.04758333333333334,0.077,0.03766666666666666,0.10766666666666667,0.14550000000000002,0.1446,0.05522222222222222,0.08749999999999998,0.08680000000000003,0.09616666666666666,0.79,0.7715,0.7856,0.8691111111111112,0.8649166666666668,0.8362,0.8663333333333334,0.9973,0.046945833333333326,0.98075,-0.29966000000000004,-0.0834142857142857,0.9958,0.99345,0.054000000000000006,0.08825000000000001,0.0645,0.053700000000000005,0.05542857142857143,0.039,0.0275,0.1,0.09229166666666667,0.202,0.057700000000000015,0.06157142857142856,0.149,0.1045,0.846,0.8193750000000001,0.7340000000000001,0.8886,0.883,0.812,0.8680000000000001,Facebook
2018-08-29 15:30:00,176.0,176.03,175.5601,175.96,1626278,-0.039999999999992035,0,-0.02,-0.0355,-0.2483,-0.2128,79.4288,54.3784,69.6448,49.7125,73.5692,75.0,0.0,175.55,176.433,174.667,-57169222.7054,-53626582.0,0.03180294117647059,22.0,43.0,37.0,0.005647514677103692,20.0,28.0,23.5,0.0770308145871864,12.796875,17.432291666666664,21.111979166666664,0.05143862318840578,383,472,525,0.02462653534183082,256,291,316,2018-08-29,0.06584166666666669,0.07995833333333334,0.052624999999999984,0.8674166666666667,0.8486923076923076,0.08540384615384614,0.06586538461538463,0.04034423076923078,-0.3155,0.8258,0.5883399999999999,-0.4436166666666667,0.35192500000000004,-0.56886,0.7224857142857143,0.10233333333333333,0.083,0.0698,0.07555555555555554,0.04758333333333334,0.077,0.040999999999999995,0.10766666666666667,0.14550000000000002,0.1446,0.05522222222222222,0.08749999999999998,0.08680000000000003,0.08942857142857143,0.79,0.7715,0.7856,0.8691111111111112,0.8649166666666668,0.8362,0.8695714285714287,0.9973,0.046945833333333326,0.98075,-0.29966000000000004,-0.0834142857142857,0.9958,0.4020333333333333,0.054000000000000006,0.08825000000000001,0.0645,0.053700000000000005,0.05542857142857143,0.039,0.03866666666666666,0.1,0.09229166666666667,0.202,0.057700000000000015,0.06157142857142856,0.149,0.08600000000000001,0.846,0.8193750000000001,0.7340000000000001,0.8886,0.883,0.812,0.875,Facebook
